PC: 00000001 A: 00001000 B: 00000000 SP: 00000000 ldc 00001000
PC: 00000002 A: 00000000 B: 00000000 SP: 00001000 a2sp
PC: 00000003 A: 00000000 B: 00000000 SP: 00000FFF adj FFFFFFFF
PC: 00000004 A: 00000000 B: 00000000 SP: 00000FFF sub
PC: 00000005 A: 00000000 B: 00000000 SP: 00000FFF ldc 00000000
PC: 00000006 A: 00000006 B: 00000000 SP: 00000FFF call 00000000
PC: 00000007 A: 0000003D B: 00000006 SP: 00000FFF ldc 0000003D
PC: 00000008 A: 00000006 B: 00000006 SP: 00000FFF stl FFFFFFFF
PC: 00000009 A: 0000003C B: 00000006 SP: 00000FFF ldc 0000003C
PC: 0000000A A: 0000000A B: 00000006 SP: 00000FFF ldnl 00000000
PC: 0000000B A: 00000006 B: 00000006 SP: 00000FFF stl 00000000
PC: 0000000C A: 0000000A B: 00000006 SP: 00000FFF ldl 00000000
PC: 0000000D A: 0000000A B: 00000006 SP: 00000FFF brz 0000002D
PC: 0000000E A: 0000003D B: 0000000A SP: 00000FFF ldc 0000003D
PC: 0000000F A: 0000000A B: 0000000A SP: 00000FFF stl FFFFFFFD
PC: 00000010 A: 0000003C B: 0000000A SP: 00000FFF ldc 0000003C
PC: 00000011 A: 0000000A B: 0000000A SP: 00000FFF ldnl 00000000
PC: 00000012 A: 00000009 B: 0000000A SP: 00000FFF adc FFFFFFFF
PC: 00000013 A: 0000000A B: 0000000A SP: 00000FFF stl FFFFFFFE
PC: 00000014 A: 00000009 B: 0000000A SP: 00000FFF ldl FFFFFFFE
PC: 00000015 A: 00000009 B: 0000000A SP: 00000FFF brz 0000001E
PC: 00000016 A: 0000003D B: 00000009 SP: 00000FFF ldl FFFFFFFF
PC: 00000017 A: FFFFFFFB B: 00000009 SP: 00000FFF ldnl 00000000
PC: 00000018 A: 0000003D B: FFFFFFFB SP: 00000FFF ldl FFFFFFFD
PC: 00000019 A: FFFFFFFB B: FFFFFFFB SP: 00000FFF ldnl 00000000
PC: 0000001A A: 00000000 B: FFFFFFFB SP: 00000FFF sub
PC: 0000001B A: 00000000 B: FFFFFFFB SP: 00000FFF brlz 00000007
PC: 0000001C A: 0000003D B: 00000000 SP: 00000FFF ldl FFFFFFFD
PC: 0000001D A: 0000003E B: 00000000 SP: 00000FFF adc 00000001
PC: 0000001E A: 00000000 B: 00000000 SP: 00000FFF stl FFFFFFFD
PC: 0000001F A: 00000009 B: 00000000 SP: 00000FFF ldl FFFFFFFE
PC: 00000020 A: 00000008 B: 00000000 SP: 00000FFF adc FFFFFFFF
PC: 00000021 A: 00000000 B: 00000000 SP: 00000FFF stl FFFFFFFE
PC: 00000013 A: 00000000 B: 00000000 SP: 00000FFF br FFFFFFF1
PC: 00000014 A: 00000008 B: 00000000 SP: 00000FFF ldl FFFFFFFE
PC: 00000015 A: 00000008 B: 00000000 SP: 00000FFF brz 0000001E
PC: 00000016 A: 0000003D B: 00000008 SP: 00000FFF ldl FFFFFFFF
PC: 00000017 A: FFFFFFFB B: 00000008 SP: 00000FFF ldnl 00000000
PC: 00000018 A: 0000003E B: FFFFFFFB SP: 00000FFF ldl FFFFFFFD
PC: 00000019 A: 0000000A B: FFFFFFFB SP: 00000FFF ldnl 00000000
PC: 0000001A A: FFFFFFF1 B: FFFFFFFB SP: 00000FFF sub
PC: 00000022 A: FFFFFFF1 B: FFFFFFFB SP: 00000FFF brlz 00000007
PC: 00000023 A: 0000003D B: FFFFFFF1 SP: 00000FFF ldl FFFFFFFF
PC: 00000024 A: FFFFFFFB B: FFFFFFF1 SP: 00000FFF ldnl 00000000
PC: 00000025 A: FFFFFFF1 B: FFFFFFF1 SP: 00000FFF stl FFFFFFFC
PC: 00000026 A: 0000003E B: FFFFFFF1 SP: 00000FFF ldl FFFFFFFD
PC: 00000027 A: 0000000A B: FFFFFFF1 SP: 00000FFF ldnl 00000000
PC: 00000028 A: 0000003D B: 0000000A SP: 00000FFF ldl FFFFFFFF
PC: 00000029 A: 0000003D B: 0000000A SP: 00000FFF stnl 00000000
PC: 0000002A A: FFFFFFFB B: 0000003D SP: 00000FFF ldl FFFFFFFC
PC: 0000002B A: 0000003E B: FFFFFFFB SP: 00000FFF ldl FFFFFFFD
PC: 0000002C A: 0000003E B: FFFFFFFB SP: 00000FFF stnl 00000000
PC: 0000002D A: 0000003E B: 0000003E SP: 00000FFF ldl FFFFFFFD
PC: 0000002E A: 0000003F B: 0000003E SP: 00000FFF adc 00000001
PC: 0000002F A: 0000003E B: 0000003E SP: 00000FFF stl FFFFFFFD
PC: 00000030 A: 00000008 B: 0000003E SP: 00000FFF ldl FFFFFFFE
PC: 00000031 A: 00000007 B: 0000003E SP: 00000FFF adc FFFFFFFF
PC: 00000032 A: 0000003E B: 0000003E SP: 00000FFF stl FFFFFFFE
PC: 00000013 A: 0000003E B: 0000003E SP: 00000FFF br FFFFFFE0
PC: 00000014 A: 00000007 B: 0000003E SP: 00000FFF ldl FFFFFFFE
PC: 00000015 A: 00000007 B: 0000003E SP: 00000FFF brz 0000001E
PC: 00000016 A: 0000003D B: 00000007 SP: 00000FFF ldl FFFFFFFF
PC: 00000017 A: 0000000A B: 00000007 SP: 00000FFF ldnl 00000000
PC: 00000018 A: 0000003F B: 0000000A SP: 00000FFF ldl FFFFFFFD
PC: 00000019 A: 00000003 B: 0000000A SP: 00000FFF ldnl 00000000
PC: 0000001A A: 00000007 B: 0000000A SP: 00000FFF sub
PC: 0000001B A: 00000007 B: 0000000A SP: 00000FFF brlz 00000007
PC: 0000001C A: 0000003F B: 00000007 SP: 00000FFF ldl FFFFFFFD
PC: 0000001D A: 00000040 B: 00000007 SP: 00000FFF adc 00000001
PC: 0000001E A: 00000007 B: 00000007 SP: 00000FFF stl FFFFFFFD
PC: 0000001F A: 00000007 B: 00000007 SP: 00000FFF ldl FFFFFFFE
PC: 00000020 A: 00000006 B: 00000007 SP: 00000FFF adc FFFFFFFF
PC: 00000021 A: 00000007 B: 00000007 SP: 00000FFF stl FFFFFFFE
PC: 00000013 A: 00000007 B: 00000007 SP: 00000FFF br FFFFFFF1
PC: 00000014 A: 00000006 B: 00000007 SP: 00000FFF ldl FFFFFFFE
PC: 00000015 A: 00000006 B: 00000007 SP: 00000FFF brz 0000001E
PC: 00000016 A: 0000003D B: 00000006 SP: 00000FFF ldl FFFFFFFF
PC: 00000017 A: 0000000A B: 00000006 SP: 00000FFF ldnl 00000000
PC: 00000018 A: 00000040 B: 0000000A SP: 00000FFF ldl FFFFFFFD
PC: 00000019 A: 0000000F B: 0000000A SP: 00000FFF ldnl 00000000
PC: 0000001A A: FFFFFFFB B: 0000000A SP: 00000FFF sub
PC: 00000022 A: FFFFFFFB B: 0000000A SP: 00000FFF brlz 00000007
PC: 00000023 A: 0000003D B: FFFFFFFB SP: 00000FFF ldl FFFFFFFF
PC: 00000024 A: 0000000A B: FFFFFFFB SP: 00000FFF ldnl 00000000
PC: 00000025 A: FFFFFFFB B: FFFFFFFB SP: 00000FFF stl FFFFFFFC
PC: 00000026 A: 00000040 B: FFFFFFFB SP: 00000FFF ldl FFFFFFFD
PC: 00000027 A: 0000000F B: FFFFFFFB SP: 00000FFF ldnl 00000000
PC: 00000028 A: 0000003D B: 0000000F SP: 00000FFF ldl FFFFFFFF
PC: 00000029 A: 0000003D B: 0000000F SP: 00000FFF stnl 00000000
PC: 0000002A A: 0000000A B: 0000003D SP: 00000FFF ldl FFFFFFFC
PC: 0000002B A: 00000040 B: 0000000A SP: 00000FFF ldl FFFFFFFD
PC: 0000002C A: 00000040 B: 0000000A SP: 00000FFF stnl 00000000
PC: 0000002D A: 00000040 B: 00000040 SP: 00000FFF ldl FFFFFFFD
PC: 0000002E A: 00000041 B: 00000040 SP: 00000FFF adc 00000001
PC: 0000002F A: 00000040 B: 00000040 SP: 00000FFF stl FFFFFFFD
PC: 00000030 A: 00000006 B: 00000040 SP: 00000FFF ldl FFFFFFFE
PC: 00000031 A: 00000005 B: 00000040 SP: 00000FFF adc FFFFFFFF
PC: 00000032 A: 00000040 B: 00000040 SP: 00000FFF stl FFFFFFFE
PC: 00000013 A: 00000040 B: 00000040 SP: 00000FFF br FFFFFFE0
PC: 00000014 A: 00000005 B: 00000040 SP: 00000FFF ldl FFFFFFFE
PC: 00000015 A: 00000005 B: 00000040 SP: 00000FFF brz 0000001E
PC: 00000016 A: 0000003D B: 00000005 SP: 00000FFF ldl FFFFFFFF
PC: 00000017 A: 0000000F B: 00000005 SP: 00000FFF ldnl 00000000
PC: 00000018 A: 00000041 B: 0000000F SP: 00000FFF ldl FFFFFFFD
PC: 00000019 A: FFFFFFF1 B: 0000000F SP: 00000FFF ldnl 00000000
PC: 0000001A A: 0000001E B: 0000000F SP: 00000FFF sub
PC: 0000001B A: 0000001E B: 0000000F SP: 00000FFF brlz 00000007
PC: 0000001C A: 00000041 B: 0000001E SP: 00000FFF ldl FFFFFFFD
PC: 0000001D A: 00000042 B: 0000001E SP: 00000FFF adc 00000001
PC: 0000001E A: 0000001E B: 0000001E SP: 00000FFF stl FFFFFFFD
PC: 0000001F A: 00000005 B: 0000001E SP: 00000FFF ldl FFFFFFFE
PC: 00000020 A: 00000004 B: 0000001E SP: 00000FFF adc FFFFFFFF
PC: 00000021 A: 0000001E B: 0000001E SP: 00000FFF stl FFFFFFFE
PC: 00000013 A: 0000001E B: 0000001E SP: 00000FFF br FFFFFFF1
PC: 00000014 A: 00000004 B: 0000001E SP: 00000FFF ldl FFFFFFFE
PC: 00000015 A: 00000004 B: 0000001E SP: 00000FFF brz 0000001E
PC: 00000016 A: 0000003D B: 00000004 SP: 00000FFF ldl FFFFFFFF
PC: 00000017 A: 0000000F B: 00000004 SP: 00000FFF ldnl 00000000
PC: 00000018 A: 00000042 B: 0000000F SP: 00000FFF ldl FFFFFFFD
PC: 00000019 A: 00000006 B: 0000000F SP: 00000FFF ldnl 00000000
PC: 0000001A A: 00000009 B: 0000000F SP: 00000FFF sub
PC: 0000001B A: 00000009 B: 0000000F SP: 00000FFF brlz 00000007
PC: 0000001C A: 00000042 B: 00000009 SP: 00000FFF ldl FFFFFFFD
PC: 0000001D A: 00000043 B: 00000009 SP: 00000FFF adc 00000001
PC: 0000001E A: 00000009 B: 00000009 SP: 00000FFF stl FFFFFFFD
PC: 0000001F A: 00000004 B: 00000009 SP: 00000FFF ldl FFFFFFFE
PC: 00000020 A: 00000003 B: 00000009 SP: 00000FFF adc FFFFFFFF
PC: 00000021 A: 00000009 B: 00000009 SP: 00000FFF stl FFFFFFFE
PC: 00000013 A: 00000009 B: 00000009 SP: 00000FFF br FFFFFFF1
PC: 00000014 A: 00000003 B: 00000009 SP: 00000FFF ldl FFFFFFFE
PC: 00000015 A: 00000003 B: 00000009 SP: 00000FFF brz 0000001E
PC: 00000016 A: 0000003D B: 00000003 SP: 00000FFF ldl FFFFFFFF
PC: 00000017 A: 0000000F B: 00000003 SP: 00000FFF ldnl 00000000
PC: 00000018 A: 00000043 B: 0000000F SP: 00000FFF ldl FFFFFFFD
PC: 00000019 A: FFFFFFF6 B: 0000000F SP: 00000FFF ldnl 00000000
PC: 0000001A A: 00000019 B: 0000000F SP: 00000FFF sub
PC: 0000001B A: 00000019 B: 0000000F SP: 00000FFF brlz 00000007
PC: 0000001C A: 00000043 B: 00000019 SP: 00000FFF ldl FFFFFFFD
PC: 0000001D A: 00000044 B: 00000019 SP: 00000FFF adc 00000001
PC: 0000001E A: 00000019 B: 00000019 SP: 00000FFF stl FFFFFFFD
PC: 0000001F A: 00000003 B: 00000019 SP: 00000FFF ldl FFFFFFFE
PC: 00000020 A: 00000002 B: 00000019 SP: 00000FFF adc FFFFFFFF
PC: 00000021 A: 00000019 B: 00000019 SP: 00000FFF stl FFFFFFFE
PC: 00000013 A: 00000019 B: 00000019 SP: 00000FFF br FFFFFFF1
PC: 00000014 A: 00000002 B: 00000019 SP: 00000FFF ldl FFFFFFFE
PC: 00000015 A: 00000002 B: 00000019 SP: 00000FFF brz 0000001E
PC: 00000016 A: 0000003D B: 00000002 SP: 00000FFF ldl FFFFFFFF
PC: 00000017 A: 0000000F B: 00000002 SP: 00000FFF ldnl 00000000
PC: 00000018 A: 00000044 B: 0000000F SP: 00000FFF ldl FFFFFFFD
PC: 00000019 A: 00000008 B: 0000000F SP: 00000FFF ldnl 00000000
PC: 0000001A A: 00000007 B: 0000000F SP: 00000FFF sub
PC: 0000001B A: 00000007 B: 0000000F SP: 00000FFF brlz 00000007
PC: 0000001C A: 00000044 B: 00000007 SP: 00000FFF ldl FFFFFFFD
PC: 0000001D A: 00000045 B: 00000007 SP: 00000FFF adc 00000001
PC: 0000001E A: 00000007 B: 00000007 SP: 00000FFF stl FFFFFFFD
PC: 0000001F A: 00000002 B: 00000007 SP: 00000FFF ldl FFFFFFFE
PC: 00000020 A: 00000001 B: 00000007 SP: 00000FFF adc FFFFFFFF
PC: 00000021 A: 00000007 B: 00000007 SP: 00000FFF stl FFFFFFFE
PC: 00000013 A: 00000007 B: 00000007 SP: 00000FFF br FFFFFFF1
PC: 00000014 A: 00000001 B: 00000007 SP: 00000FFF ldl FFFFFFFE
PC: 00000015 A: 00000001 B: 00000007 SP: 00000FFF brz 0000001E
PC: 00000016 A: 0000003D B: 00000001 SP: 00000FFF ldl FFFFFFFF
PC: 00000017 A: 0000000F B: 00000001 SP: 00000FFF ldnl 00000000
PC: 00000018 A: 00000045 B: 0000000F SP: 00000FFF ldl FFFFFFFD
PC: 00000019 A: FFFFFFFD B: 0000000F SP: 00000FFF ldnl 00000000
PC: 0000001A A: 00000012 B: 0000000F SP: 00000FFF sub
PC: 0000001B A: 00000012 B: 0000000F SP: 00000FFF brlz 00000007
PC: 0000001C A: 00000045 B: 00000012 SP: 00000FFF ldl FFFFFFFD
PC: 0000001D A: 00000046 B: 00000012 SP: 00000FFF adc 00000001
PC: 0000001E A: 00000012 B: 00000012 SP: 00000FFF stl FFFFFFFD
PC: 0000001F A: 00000001 B: 00000012 SP: 00000FFF ldl FFFFFFFE
PC: 00000020 A: 00000000 B: 00000012 SP: 00000FFF adc FFFFFFFF
PC: 00000021 A: 00000012 B: 00000012 SP: 00000FFF stl FFFFFFFE
PC: 00000013 A: 00000012 B: 00000012 SP: 00000FFF br FFFFFFF1
PC: 00000014 A: 00000000 B: 00000012 SP: 00000FFF ldl FFFFFFFE
PC: 00000033 A: 00000000 B: 00000012 SP: 00000FFF brz 0000001E
PC: 00000034 A: 0000003D B: 00000000 SP: 00000FFF ldl FFFFFFFF
PC: 00000035 A: 0000003E B: 00000000 SP: 00000FFF adc 00000001
PC: 00000036 A: 00000000 B: 00000000 SP: 00000FFF stl FFFFFFFF
PC: 00000037 A: 0000000A B: 00000000 SP: 00000FFF ldl 00000000
PC: 00000038 A: 00000009 B: 00000000 SP: 00000FFF adc FFFFFFFF
PC: 00000039 A: 00000000 B: 00000000 SP: 00000FFF stl 00000000
PC: 0000000B A: 00000000 B: 00000000 SP: 00000FFF br FFFFFFD1
PC: 0000000C A: 00000009 B: 00000000 SP: 00000FFF ldl 00000000
PC: 0000000D A: 00000009 B: 00000000 SP: 00000FFF brz 0000002D
PC: 0000000E A: 0000003D B: 00000009 SP: 00000FFF ldc 0000003D
PC: 0000000F A: 00000009 B: 00000009 SP: 00000FFF stl FFFFFFFD
PC: 00000010 A: 0000003C B: 00000009 SP: 00000FFF ldc 0000003C
PC: 00000011 A: 0000000A B: 00000009 SP: 00000FFF ldnl 00000000
PC: 00000012 A: 00000009 B: 00000009 SP: 00000FFF adc FFFFFFFF
PC: 00000013 A: 00000009 B: 00000009 SP: 00000FFF stl FFFFFFFE
PC: 00000014 A: 00000009 B: 00000009 SP: 00000FFF ldl FFFFFFFE
PC: 00000015 A: 00000009 B: 00000009 SP: 00000FFF brz 0000001E
PC: 00000016 A: 0000003E B: 00000009 SP: 00000FFF ldl FFFFFFFF
PC: 00000017 A: FFFFFFFB B: 00000009 SP: 00000FFF ldnl 00000000
PC: 00000018 A: 0000003D B: FFFFFFFB SP: 00000FFF ldl FFFFFFFD
PC: 00000019 A: 0000000F B: FFFFFFFB SP: 00000FFF ldnl 00000000
PC: 0000001A A: FFFFFFEC B: FFFFFFFB SP: 00000FFF sub
PC: 00000022 A: FFFFFFEC B: FFFFFFFB SP: 00000FFF brlz 00000007
PC: 00000023 A: 0000003E B: FFFFFFEC SP: 00000FFF ldl FFFFFFFF
PC: 00000024 A: FFFFFFFB B: FFFFFFEC SP: 00000FFF ldnl 00000000
PC: 00000025 A: FFFFFFEC B: FFFFFFEC SP: 00000FFF stl FFFFFFFC
PC: 00000026 A: 0000003D B: FFFFFFEC SP: 00000FFF ldl FFFFFFFD
PC: 00000027 A: 0000000F B: FFFFFFEC SP: 00000FFF ldnl 00000000
PC: 00000028 A: 0000003E B: 0000000F SP: 00000FFF ldl FFFFFFFF
PC: 00000029 A: 0000003E B: 0000000F SP: 00000FFF stnl 00000000
PC: 0000002A A: FFFFFFFB B: 0000003E SP: 00000FFF ldl FFFFFFFC
PC: 0000002B A: 0000003D B: FFFFFFFB SP: 00000FFF ldl FFFFFFFD
PC: 0000002C A: 0000003D B: FFFFFFFB SP: 00000FFF stnl 00000000
PC: 0000002D A: 0000003D B: 0000003D SP: 00000FFF ldl FFFFFFFD
PC: 0000002E A: 0000003E B: 0000003D SP: 00000FFF adc 00000001
PC: 0000002F A: 0000003D B: 0000003D SP: 00000FFF stl FFFFFFFD
PC: 00000030 A: 00000009 B: 0000003D SP: 00000FFF ldl FFFFFFFE
PC: 00000031 A: 00000008 B: 0000003D SP: 00000FFF adc FFFFFFFF
PC: 00000032 A: 0000003D B: 0000003D SP: 00000FFF stl FFFFFFFE
PC: 00000013 A: 0000003D B: 0000003D SP: 00000FFF br FFFFFFE0
PC: 00000014 A: 00000008 B: 0000003D SP: 00000FFF ldl FFFFFFFE
PC: 00000015 A: 00000008 B: 0000003D SP: 00000FFF brz 0000001E
PC: 00000016 A: 0000003E B: 00000008 SP: 00000FFF ldl FFFFFFFF
PC: 00000017 A: 0000000F B: 00000008 SP: 00000FFF ldnl 00000000
PC: 00000018 A: 0000003E B: 0000000F SP: 00000FFF ldl FFFFFFFD
PC: 00000019 A: 0000000F B: 0000000F SP: 00000FFF ldnl 00000000
PC: 0000001A A: 00000000 B: 0000000F SP: 00000FFF sub
PC: 0000001B A: 00000000 B: 0000000F SP: 00000FFF brlz 00000007
PC: 0000001C A: 0000003E B: 00000000 SP: 00000FFF ldl FFFFFFFD
PC: 0000001D A: 0000003F B: 00000000 SP: 00000FFF adc 00000001
PC: 0000001E A: 00000000 B: 00000000 SP: 00000FFF stl FFFFFFFD
PC: 0000001F A: 00000008 B: 00000000 SP: 00000FFF ldl FFFFFFFE
PC: 00000020 A: 00000007 B: 00000000 SP: 00000FFF adc FFFFFFFF
PC: 00000021 A: 00000000 B: 00000000 SP: 00000FFF stl FFFFFFFE
PC: 00000013 A: 00000000 B: 00000000 SP: 00000FFF br FFFFFFF1
PC: 00000014 A: 00000007 B: 00000000 SP: 00000FFF ldl FFFFFFFE
PC: 00000015 A: 00000007 B: 00000000 SP: 00000FFF brz 0000001E
PC: 00000016 A: 0000003E B: 00000007 SP: 00000FFF ldl FFFFFFFF
PC: 00000017 A: 0000000F B: 00000007 SP: 00000FFF ldnl 00000000
PC: 00000018 A: 0000003F B: 0000000F SP: 00000FFF ldl FFFFFFFD
PC: 00000019 A: 00000003 B: 0000000F SP: 00000FFF ldnl 00000000
PC: 0000001A A: 0000000C B: 0000000F SP: 00000FFF sub
PC: 0000001B A: 0000000C B: 0000000F SP: 00000FFF brlz 00000007
PC: 0000001C A: 0000003F B: 0000000C SP: 00000FFF ldl FFFFFFFD
PC: 0000001D A: 00000040 B: 0000000C SP: 00000FFF adc 00000001
PC: 0000001E A: 0000000C B: 0000000C SP: 00000FFF stl FFFFFFFD
PC: 0000001F A: 00000007 B: 0000000C SP: 00000FFF ldl FFFFFFFE
PC: 00000020 A: 00000006 B: 0000000C SP: 00000FFF adc FFFFFFFF
PC: 00000021 A: 0000000C B: 0000000C SP: 00000FFF stl FFFFFFFE
PC: 00000013 A: 0000000C B: 0000000C SP: 00000FFF br FFFFFFF1
PC: 00000014 A: 00000006 B: 0000000C SP: 00000FFF ldl FFFFFFFE
PC: 00000015 A: 00000006 B: 0000000C SP: 00000FFF brz 0000001E
PC: 00000016 A: 0000003E B: 00000006 SP: 00000FFF ldl FFFFFFFF
PC: 00000017 A: 0000000F B: 00000006 SP: 00000FFF ldnl 00000000
PC: 00000018 A: 00000040 B: 0000000F SP: 00000FFF ldl FFFFFFFD
PC: 00000019 A: 0000000A B: 0000000F SP: 00000FFF ldnl 00000000
PC: 0000001A A: 00000005 B: 0000000F SP: 00000FFF sub
PC: 0000001B A: 00000005 B: 0000000F SP: 00000FFF brlz 00000007
PC: 0000001C A: 00000040 B: 00000005 SP: 00000FFF ldl FFFFFFFD
PC: 0000001D A: 00000041 B: 00000005 SP: 00000FFF adc 00000001
PC: 0000001E A: 00000005 B: 00000005 SP: 00000FFF stl FFFFFFFD
PC: 0000001F A: 00000006 B: 00000005 SP: 00000FFF ldl FFFFFFFE
PC: 00000020 A: 00000005 B: 00000005 SP: 00000FFF adc FFFFFFFF
PC: 00000021 A: 00000005 B: 00000005 SP: 00000FFF stl FFFFFFFE
PC: 00000013 A: 00000005 B: 00000005 SP: 00000FFF br FFFFFFF1
PC: 00000014 A: 00000005 B: 00000005 SP: 00000FFF ldl FFFFFFFE
PC: 00000015 A: 00000005 B: 00000005 SP: 00000FFF brz 0000001E
PC: 00000016 A: 0000003E B: 00000005 SP: 00000FFF ldl FFFFFFFF
PC: 00000017 A: 0000000F B: 00000005 SP: 00000FFF ldnl 00000000
PC: 00000018 A: 00000041 B: 0000000F SP: 00000FFF ldl FFFFFFFD
PC: 00000019 A: FFFFFFF1 B: 0000000F SP: 00000FFF ldnl 00000000
PC: 0000001A A: 0000001E B: 0000000F SP: 00000FFF sub
PC: 0000001B A: 0000001E B: 0000000F SP: 00000FFF brlz 00000007
PC: 0000001C A: 00000041 B: 0000001E SP: 00000FFF ldl FFFFFFFD
PC: 0000001D A: 00000042 B: 0000001E SP: 00000FFF adc 00000001
PC: 0000001E A: 0000001E B: 0000001E SP: 00000FFF stl FFFFFFFD
PC: 0000001F A: 00000005 B: 0000001E SP: 00000FFF ldl FFFFFFFE
PC: 00000020 A: 00000004 B: 0000001E SP: 00000FFF adc FFFFFFFF
PC: 00000021 A: 0000001E B: 0000001E SP: 00000FFF stl FFFFFFFE
PC: 00000013 A: 0000001E B: 0000001E SP: 00000FFF br FFFFFFF1
PC: 00000014 A: 00000004 B: 0000001E SP: 00000FFF ldl FFFFFFFE
PC: 00000015 A: 00000004 B: 0000001E SP: 00000FFF brz 0000001E
PC: 00000016 A: 0000003E B: 00000004 SP: 00000FFF ldl FFFFFFFF
PC: 00000017 A: 0000000F B: 00000004 SP: 00000FFF ldnl 00000000
PC: 00000018 A: 00000042 B: 0000000F SP: 00000FFF ldl FFFFFFFD
PC: 00000019 A: 00000006 B: 0000000F SP: 00000FFF ldnl 00000000
PC: 0000001A A: 00000009 B: 0000000F SP: 00000FFF sub
PC: 0000001B A: 00000009 B: 0000000F SP: 00000FFF brlz 00000007
PC: 0000001C A: 00000042 B: 00000009 SP: 00000FFF ldl FFFFFFFD
PC: 0000001D A: 00000043 B: 00000009 SP: 00000FFF adc 00000001
PC: 0000001E A: 00000009 B: 00000009 SP: 00000FFF stl FFFFFFFD
PC: 0000001F A: 00000004 B: 00000009 SP: 00000FFF ldl FFFFFFFE
PC: 00000020 A: 00000003 B: 00000009 SP: 00000FFF adc FFFFFFFF
PC: 00000021 A: 00000009 B: 00000009 SP: 00000FFF stl FFFFFFFE
PC: 00000013 A: 00000009 B: 00000009 SP: 00000FFF br FFFFFFF1
PC: 00000014 A: 00000003 B: 00000009 SP: 00000FFF ldl FFFFFFFE
PC: 00000015 A: 00000003 B: 00000009 SP: 00000FFF brz 0000001E
PC: 00000016 A: 0000003E B: 00000003 SP: 00000FFF ldl FFFFFFFF
PC: 00000017 A: 0000000F B: 00000003 SP: 00000FFF ldnl 00000000
PC: 00000018 A: 00000043 B: 0000000F SP: 00000FFF ldl FFFFFFFD
PC: 00000019 A: FFFFFFF6 B: 0000000F SP: 00000FFF ldnl 00000000
PC: 0000001A A: 00000019 B: 0000000F SP: 00000FFF sub
PC: 0000001B A: 00000019 B: 0000000F SP: 00000FFF brlz 00000007
PC: 0000001C A: 00000043 B: 00000019 SP: 00000FFF ldl FFFFFFFD
PC: 0000001D A: 00000044 B: 00000019 SP: 00000FFF adc 00000001
PC: 0000001E A: 00000019 B: 00000019 SP: 00000FFF stl FFFFFFFD
PC: 0000001F A: 00000003 B: 00000019 SP: 00000FFF ldl FFFFFFFE
PC: 00000020 A: 00000002 B: 00000019 SP: 00000FFF adc FFFFFFFF
PC: 00000021 A: 00000019 B: 00000019 SP: 00000FFF stl FFFFFFFE
PC: 00000013 A: 00000019 B: 00000019 SP: 00000FFF br FFFFFFF1
PC: 00000014 A: 00000002 B: 00000019 SP: 00000FFF ldl FFFFFFFE
PC: 00000015 A: 00000002 B: 00000019 SP: 00000FFF brz 0000001E
PC: 00000016 A: 0000003E B: 00000002 SP: 00000FFF ldl FFFFFFFF
PC: 00000017 A: 0000000F B: 00000002 SP: 00000FFF ldnl 00000000
PC: 00000018 A: 00000044 B: 0000000F SP: 00000FFF ldl FFFFFFFD
PC: 00000019 A: 00000008 B: 0000000F SP: 00000FFF ldnl 00000000
PC: 0000001A A: 00000007 B: 0000000F SP: 00000FFF sub
PC: 0000001B A: 00000007 B: 0000000F SP: 00000FFF brlz 00000007
PC: 0000001C A: 00000044 B: 00000007 SP: 00000FFF ldl FFFFFFFD
PC: 0000001D A: 00000045 B: 00000007 SP: 00000FFF adc 00000001
PC: 0000001E A: 00000007 B: 00000007 SP: 00000FFF stl FFFFFFFD
PC: 0000001F A: 00000002 B: 00000007 SP: 00000FFF ldl FFFFFFFE
PC: 00000020 A: 00000001 B: 00000007 SP: 00000FFF adc FFFFFFFF
PC: 00000021 A: 00000007 B: 00000007 SP: 00000FFF stl FFFFFFFE
PC: 00000013 A: 00000007 B: 00000007 SP: 00000FFF br FFFFFFF1
PC: 00000014 A: 00000001 B: 00000007 SP: 00000FFF ldl FFFFFFFE
PC: 00000015 A: 00000001 B: 00000007 SP: 00000FFF brz 0000001E
PC: 00000016 A: 0000003E B: 00000001 SP: 00000FFF ldl FFFFFFFF
PC: 00000017 A: 0000000F B: 00000001 SP: 00000FFF ldnl 00000000
PC: 00000018 A: 00000045 B: 0000000F SP: 00000FFF ldl FFFFFFFD
PC: 00000019 A: FFFFFFFD B: 0000000F SP: 00000FFF ldnl 00000000
PC: 0000001A A: 00000012 B: 0000000F SP: 00000FFF sub
PC: 0000001B A: 00000012 B: 0000000F SP: 00000FFF brlz 00000007
PC: 0000001C A: 00000045 B: 00000012 SP: 00000FFF ldl FFFFFFFD
PC: 0000001D A: 00000046 B: 00000012 SP: 00000FFF adc 00000001
PC: 0000001E A: 00000012 B: 00000012 SP: 00000FFF stl FFFFFFFD
PC: 0000001F A: 00000001 B: 00000012 SP: 00000FFF ldl FFFFFFFE
PC: 00000020 A: 00000000 B: 00000012 SP: 00000FFF adc FFFFFFFF
PC: 00000021 A: 00000012 B: 00000012 SP: 00000FFF stl FFFFFFFE
PC: 00000013 A: 00000012 B: 00000012 SP: 00000FFF br FFFFFFF1
PC: 00000014 A: 00000000 B: 00000012 SP: 00000FFF ldl FFFFFFFE
PC: 00000033 A: 00000000 B: 00000012 SP: 00000FFF brz 0000001E
PC: 00000034 A: 0000003E B: 00000000 SP: 00000FFF ldl FFFFFFFF
PC: 00000035 A: 0000003F B: 00000000 SP: 00000FFF adc 00000001
PC: 00000036 A: 00000000 B: 00000000 SP: 00000FFF stl FFFFFFFF
PC: 00000037 A: 00000009 B: 00000000 SP: 00000FFF ldl 00000000
PC: 00000038 A: 00000008 B: 00000000 SP: 00000FFF adc FFFFFFFF
PC: 00000039 A: 00000000 B: 00000000 SP: 00000FFF stl 00000000
PC: 0000000B A: 00000000 B: 00000000 SP: 00000FFF br FFFFFFD1
PC: 0000000C A: 00000008 B: 00000000 SP: 00000FFF ldl 00000000
PC: 0000000D A: 00000008 B: 00000000 SP: 00000FFF brz 0000002D
PC: 0000000E A: 0000003D B: 00000008 SP: 00000FFF ldc 0000003D
PC: 0000000F A: 00000008 B: 00000008 SP: 00000FFF stl FFFFFFFD
PC: 00000010 A: 0000003C B: 00000008 SP: 00000FFF ldc 0000003C
PC: 00000011 A: 0000000A B: 00000008 SP: 00000FFF ldnl 00000000
PC: 00000012 A: 00000009 B: 00000008 SP: 00000FFF adc FFFFFFFF
PC: 00000013 A: 00000008 B: 00000008 SP: 00000FFF stl FFFFFFFE
PC: 00000014 A: 00000009 B: 00000008 SP: 00000FFF ldl FFFFFFFE
PC: 00000015 A: 00000009 B: 00000008 SP: 00000FFF brz 0000001E
PC: 00000016 A: 0000003F B: 00000009 SP: 00000FFF ldl FFFFFFFF
PC: 00000017 A: 00000003 B: 00000009 SP: 00000FFF ldnl 00000000
PC: 00000018 A: 0000003D B: 00000003 SP: 00000FFF ldl FFFFFFFD
PC: 00000019 A: FFFFFFFB B: 00000003 SP: 00000FFF ldnl 00000000
PC: 0000001A A: 00000008 B: 00000003 SP: 00000FFF sub
PC: 0000001B A: 00000008 B: 00000003 SP: 00000FFF brlz 00000007
PC: 0000001C A: 0000003D B: 00000008 SP: 00000FFF ldl FFFFFFFD
PC: 0000001D A: 0000003E B: 00000008 SP: 00000FFF adc 00000001
PC: 0000001E A: 00000008 B: 00000008 SP: 00000FFF stl FFFFFFFD
PC: 0000001F A: 00000009 B: 00000008 SP: 00000FFF ldl FFFFFFFE
PC: 00000020 A: 00000008 B: 00000008 SP: 00000FFF adc FFFFFFFF
PC: 00000021 A: 00000008 B: 00000008 SP: 00000FFF stl FFFFFFFE
PC: 00000013 A: 00000008 B: 00000008 SP: 00000FFF br FFFFFFF1
PC: 00000014 A: 00000008 B: 00000008 SP: 00000FFF ldl FFFFFFFE
PC: 00000015 A: 00000008 B: 00000008 SP: 00000FFF brz 0000001E
PC: 00000016 A: 0000003F B: 00000008 SP: 00000FFF ldl FFFFFFFF
PC: 00000017 A: 00000003 B: 00000008 SP: 00000FFF ldnl 00000000
PC: 00000018 A: 0000003E B: 00000003 SP: 00000FFF ldl FFFFFFFD
PC: 00000019 A: 0000000F B: 00000003 SP: 00000FFF ldnl 00000000
PC: 0000001A A: FFFFFFF4 B: 00000003 SP: 00000FFF sub
PC: 00000022 A: FFFFFFF4 B: 00000003 SP: 00000FFF brlz 00000007
PC: 00000023 A: 0000003F B: FFFFFFF4 SP: 00000FFF ldl FFFFFFFF
PC: 00000024 A: 00000003 B: FFFFFFF4 SP: 00000FFF ldnl 00000000
PC: 00000025 A: FFFFFFF4 B: FFFFFFF4 SP: 00000FFF stl FFFFFFFC
PC: 00000026 A: 0000003E B: FFFFFFF4 SP: 00000FFF ldl FFFFFFFD
PC: 00000027 A: 0000000F B: FFFFFFF4 SP: 00000FFF ldnl 00000000
PC: 00000028 A: 0000003F B: 0000000F SP: 00000FFF ldl FFFFFFFF
PC: 00000029 A: 0000003F B: 0000000F SP: 00000FFF stnl 00000000
PC: 0000002A A: 00000003 B: 0000003F SP: 00000FFF ldl FFFFFFFC
PC: 0000002B A: 0000003E B: 00000003 SP: 00000FFF ldl FFFFFFFD
PC: 0000002C A: 0000003E B: 00000003 SP: 00000FFF stnl 00000000
PC: 0000002D A: 0000003E B: 0000003E SP: 00000FFF ldl FFFFFFFD
PC: 0000002E A: 0000003F B: 0000003E SP: 00000FFF adc 00000001
PC: 0000002F A: 0000003E B: 0000003E SP: 00000FFF stl FFFFFFFD
PC: 00000030 A: 00000008 B: 0000003E SP: 00000FFF ldl FFFFFFFE
PC: 00000031 A: 00000007 B: 0000003E SP: 00000FFF adc FFFFFFFF
PC: 00000032 A: 0000003E B: 0000003E SP: 00000FFF stl FFFFFFFE
PC: 00000013 A: 0000003E B: 0000003E SP: 00000FFF br FFFFFFE0
PC: 00000014 A: 00000007 B: 0000003E SP: 00000FFF ldl FFFFFFFE
PC: 00000015 A: 00000007 B: 0000003E SP: 00000FFF brz 0000001E
PC: 00000016 A: 0000003F B: 00000007 SP: 00000FFF ldl FFFFFFFF
PC: 00000017 A: 0000000F B: 00000007 SP: 00000FFF ldnl 00000000
PC: 00000018 A: 0000003F B: 0000000F SP: 00000FFF ldl FFFFFFFD
PC: 00000019 A: 0000000F B: 0000000F SP: 00000FFF ldnl 00000000
PC: 0000001A A: 00000000 B: 0000000F SP: 00000FFF sub
PC: 0000001B A: 00000000 B: 0000000F SP: 00000FFF brlz 00000007
PC: 0000001C A: 0000003F B: 00000000 SP: 00000FFF ldl FFFFFFFD
PC: 0000001D A: 00000040 B: 00000000 SP: 00000FFF adc 00000001
PC: 0000001E A: 00000000 B: 00000000 SP: 00000FFF stl FFFFFFFD
PC: 0000001F A: 00000007 B: 00000000 SP: 00000FFF ldl FFFFFFFE
PC: 00000020 A: 00000006 B: 00000000 SP: 00000FFF adc FFFFFFFF
PC: 00000021 A: 00000000 B: 00000000 SP: 00000FFF stl FFFFFFFE
PC: 00000013 A: 00000000 B: 00000000 SP: 00000FFF br FFFFFFF1
PC: 00000014 A: 00000006 B: 00000000 SP: 00000FFF ldl FFFFFFFE
PC: 00000015 A: 00000006 B: 00000000 SP: 00000FFF brz 0000001E
PC: 00000016 A: 0000003F B: 00000006 SP: 00000FFF ldl FFFFFFFF
PC: 00000017 A: 0000000F B: 00000006 SP: 00000FFF ldnl 00000000
PC: 00000018 A: 00000040 B: 0000000F SP: 00000FFF ldl FFFFFFFD
PC: 00000019 A: 0000000A B: 0000000F SP: 00000FFF ldnl 00000000
PC: 0000001A A: 00000005 B: 0000000F SP: 00000FFF sub
PC: 0000001B A: 00000005 B: 0000000F SP: 00000FFF brlz 00000007
PC: 0000001C A: 00000040 B: 00000005 SP: 00000FFF ldl FFFFFFFD
PC: 0000001D A: 00000041 B: 00000005 SP: 00000FFF adc 00000001
PC: 0000001E A: 00000005 B: 00000005 SP: 00000FFF stl FFFFFFFD
PC: 0000001F A: 00000006 B: 00000005 SP: 00000FFF ldl FFFFFFFE
PC: 00000020 A: 00000005 B: 00000005 SP: 00000FFF adc FFFFFFFF
PC: 00000021 A: 00000005 B: 00000005 SP: 00000FFF stl FFFFFFFE
PC: 00000013 A: 00000005 B: 00000005 SP: 00000FFF br FFFFFFF1
PC: 00000014 A: 00000005 B: 00000005 SP: 00000FFF ldl FFFFFFFE
PC: 00000015 A: 00000005 B: 00000005 SP: 00000FFF brz 0000001E
PC: 00000016 A: 0000003F B: 00000005 SP: 00000FFF ldl FFFFFFFF
PC: 00000017 A: 0000000F B: 00000005 SP: 00000FFF ldnl 00000000
PC: 00000018 A: 00000041 B: 0000000F SP: 00000FFF ldl FFFFFFFD
PC: 00000019 A: FFFFFFF1 B: 0000000F SP: 00000FFF ldnl 00000000
PC: 0000001A A: 0000001E B: 0000000F SP: 00000FFF sub
PC: 0000001B A: 0000001E B: 0000000F SP: 00000FFF brlz 00000007
PC: 0000001C A: 00000041 B: 0000001E SP: 00000FFF ldl FFFFFFFD
PC: 0000001D A: 00000042 B: 0000001E SP: 00000FFF adc 00000001
PC: 0000001E A: 0000001E B: 0000001E SP: 00000FFF stl FFFFFFFD
PC: 0000001F A: 00000005 B: 0000001E SP: 00000FFF ldl FFFFFFFE
PC: 00000020 A: 00000004 B: 0000001E SP: 00000FFF adc FFFFFFFF
PC: 00000021 A: 0000001E B: 0000001E SP: 00000FFF stl FFFFFFFE
PC: 00000013 A: 0000001E B: 0000001E SP: 00000FFF br FFFFFFF1
PC: 00000014 A: 00000004 B: 0000001E SP: 00000FFF ldl FFFFFFFE
PC: 00000015 A: 00000004 B: 0000001E SP: 00000FFF brz 0000001E
PC: 00000016 A: 0000003F B: 00000004 SP: 00000FFF ldl FFFFFFFF
PC: 00000017 A: 0000000F B: 00000004 SP: 00000FFF ldnl 00000000
PC: 00000018 A: 00000042 B: 0000000F SP: 00000FFF ldl FFFFFFFD
PC: 00000019 A: 00000006 B: 0000000F SP: 00000FFF ldnl 00000000
PC: 0000001A A: 00000009 B: 0000000F SP: 00000FFF sub
PC: 0000001B A: 00000009 B: 0000000F SP: 00000FFF brlz 00000007
PC: 0000001C A: 00000042 B: 00000009 SP: 00000FFF ldl FFFFFFFD
PC: 0000001D A: 00000043 B: 00000009 SP: 00000FFF adc 00000001
PC: 0000001E A: 00000009 B: 00000009 SP: 00000FFF stl FFFFFFFD
PC: 0000001F A: 00000004 B: 00000009 SP: 00000FFF ldl FFFFFFFE
PC: 00000020 A: 00000003 B: 00000009 SP: 00000FFF adc FFFFFFFF
PC: 00000021 A: 00000009 B: 00000009 SP: 00000FFF stl FFFFFFFE
PC: 00000013 A: 00000009 B: 00000009 SP: 00000FFF br FFFFFFF1
PC: 00000014 A: 00000003 B: 00000009 SP: 00000FFF ldl FFFFFFFE
PC: 00000015 A: 00000003 B: 00000009 SP: 00000FFF brz 0000001E
PC: 00000016 A: 0000003F B: 00000003 SP: 00000FFF ldl FFFFFFFF
PC: 00000017 A: 0000000F B: 00000003 SP: 00000FFF ldnl 00000000
PC: 00000018 A: 00000043 B: 0000000F SP: 00000FFF ldl FFFFFFFD
PC: 00000019 A: FFFFFFF6 B: 0000000F SP: 00000FFF ldnl 00000000
PC: 0000001A A: 00000019 B: 0000000F SP: 00000FFF sub
PC: 0000001B A: 00000019 B: 0000000F SP: 00000FFF brlz 00000007
PC: 0000001C A: 00000043 B: 00000019 SP: 00000FFF ldl FFFFFFFD
PC: 0000001D A: 00000044 B: 00000019 SP: 00000FFF adc 00000001
PC: 0000001E A: 00000019 B: 00000019 SP: 00000FFF stl FFFFFFFD
PC: 0000001F A: 00000003 B: 00000019 SP: 00000FFF ldl FFFFFFFE
PC: 00000020 A: 00000002 B: 00000019 SP: 00000FFF adc FFFFFFFF
PC: 00000021 A: 00000019 B: 00000019 SP: 00000FFF stl FFFFFFFE
PC: 00000013 A: 00000019 B: 00000019 SP: 00000FFF br FFFFFFF1
PC: 00000014 A: 00000002 B: 00000019 SP: 00000FFF ldl FFFFFFFE
PC: 00000015 A: 00000002 B: 00000019 SP: 00000FFF brz 0000001E
PC: 00000016 A: 0000003F B: 00000002 SP: 00000FFF ldl FFFFFFFF
PC: 00000017 A: 0000000F B: 00000002 SP: 00000FFF ldnl 00000000
PC: 00000018 A: 00000044 B: 0000000F SP: 00000FFF ldl FFFFFFFD
PC: 00000019 A: 00000008 B: 0000000F SP: 00000FFF ldnl 00000000
PC: 0000001A A: 00000007 B: 0000000F SP: 00000FFF sub
PC: 0000001B A: 00000007 B: 0000000F SP: 00000FFF brlz 00000007
PC: 0000001C A: 00000044 B: 00000007 SP: 00000FFF ldl FFFFFFFD
PC: 0000001D A: 00000045 B: 00000007 SP: 00000FFF adc 00000001
PC: 0000001E A: 00000007 B: 00000007 SP: 00000FFF stl FFFFFFFD
PC: 0000001F A: 00000002 B: 00000007 SP: 00000FFF ldl FFFFFFFE
PC: 00000020 A: 00000001 B: 00000007 SP: 00000FFF adc FFFFFFFF
PC: 00000021 A: 00000007 B: 00000007 SP: 00000FFF stl FFFFFFFE
PC: 00000013 A: 00000007 B: 00000007 SP: 00000FFF br FFFFFFF1
PC: 00000014 A: 00000001 B: 00000007 SP: 00000FFF ldl FFFFFFFE
PC: 00000015 A: 00000001 B: 00000007 SP: 00000FFF brz 0000001E
PC: 00000016 A: 0000003F B: 00000001 SP: 00000FFF ldl FFFFFFFF
PC: 00000017 A: 0000000F B: 00000001 SP: 00000FFF ldnl 00000000
PC: 00000018 A: 00000045 B: 0000000F SP: 00000FFF ldl FFFFFFFD
PC: 00000019 A: FFFFFFFD B: 0000000F SP: 00000FFF ldnl 00000000
PC: 0000001A A: 00000012 B: 0000000F SP: 00000FFF sub
PC: 0000001B A: 00000012 B: 0000000F SP: 00000FFF brlz 00000007
PC: 0000001C A: 00000045 B: 00000012 SP: 00000FFF ldl FFFFFFFD
PC: 0000001D A: 00000046 B: 00000012 SP: 00000FFF adc 00000001
PC: 0000001E A: 00000012 B: 00000012 SP: 00000FFF stl FFFFFFFD
PC: 0000001F A: 00000001 B: 00000012 SP: 00000FFF ldl FFFFFFFE
PC: 00000020 A: 00000000 B: 00000012 SP: 00000FFF adc FFFFFFFF
PC: 00000021 A: 00000012 B: 00000012 SP: 00000FFF stl FFFFFFFE
PC: 00000013 A: 00000012 B: 00000012 SP: 00000FFF br FFFFFFF1
PC: 00000014 A: 00000000 B: 00000012 SP: 00000FFF ldl FFFFFFFE
PC: 00000033 A: 00000000 B: 00000012 SP: 00000FFF brz 0000001E
PC: 00000034 A: 0000003F B: 00000000 SP: 00000FFF ldl FFFFFFFF
PC: 00000035 A: 00000040 B: 00000000 SP: 00000FFF adc 00000001
PC: 00000036 A: 00000000 B: 00000000 SP: 00000FFF stl FFFFFFFF
PC: 00000037 A: 00000008 B: 00000000 SP: 00000FFF ldl 00000000
PC: 00000038 A: 00000007 B: 00000000 SP: 00000FFF adc FFFFFFFF
PC: 00000039 A: 00000000 B: 00000000 SP: 00000FFF stl 00000000
PC: 0000000B A: 00000000 B: 00000000 SP: 00000FFF br FFFFFFD1
PC: 0000000C A: 00000007 B: 00000000 SP: 00000FFF ldl 00000000
PC: 0000000D A: 00000007 B: 00000000 SP: 00000FFF brz 0000002D
PC: 0000000E A: 0000003D B: 00000007 SP: 00000FFF ldc 0000003D
PC: 0000000F A: 00000007 B: 00000007 SP: 00000FFF stl FFFFFFFD
PC: 00000010 A: 0000003C B: 00000007 SP: 00000FFF ldc 0000003C
PC: 00000011 A: 0000000A B: 00000007 SP: 00000FFF ldnl 00000000
PC: 00000012 A: 00000009 B: 00000007 SP: 00000FFF adc FFFFFFFF
PC: 00000013 A: 00000007 B: 00000007 SP: 00000FFF stl FFFFFFFE
PC: 00000014 A: 00000009 B: 00000007 SP: 00000FFF ldl FFFFFFFE
PC: 00000015 A: 00000009 B: 00000007 SP: 00000FFF brz 0000001E
PC: 00000016 A: 00000040 B: 00000009 SP: 00000FFF ldl FFFFFFFF
PC: 00000017 A: 0000000A B: 00000009 SP: 00000FFF ldnl 00000000
PC: 00000018 A: 0000003D B: 0000000A SP: 00000FFF ldl FFFFFFFD
PC: 00000019 A: FFFFFFFB B: 0000000A SP: 00000FFF ldnl 00000000
PC: 0000001A A: 0000000F B: 0000000A SP: 00000FFF sub
PC: 0000001B A: 0000000F B: 0000000A SP: 00000FFF brlz 00000007
PC: 0000001C A: 0000003D B: 0000000F SP: 00000FFF ldl FFFFFFFD
PC: 0000001D A: 0000003E B: 0000000F SP: 00000FFF adc 00000001
PC: 0000001E A: 0000000F B: 0000000F SP: 00000FFF stl FFFFFFFD
PC: 0000001F A: 00000009 B: 0000000F SP: 00000FFF ldl FFFFFFFE
PC: 00000020 A: 00000008 B: 0000000F SP: 00000FFF adc FFFFFFFF
PC: 00000021 A: 0000000F B: 0000000F SP: 00000FFF stl FFFFFFFE
PC: 00000013 A: 0000000F B: 0000000F SP: 00000FFF br FFFFFFF1
PC: 00000014 A: 00000008 B: 0000000F SP: 00000FFF ldl FFFFFFFE
PC: 00000015 A: 00000008 B: 0000000F SP: 00000FFF brz 0000001E
PC: 00000016 A: 00000040 B: 00000008 SP: 00000FFF ldl FFFFFFFF
PC: 00000017 A: 0000000A B: 00000008 SP: 00000FFF ldnl 00000000
PC: 00000018 A: 0000003E B: 0000000A SP: 00000FFF ldl FFFFFFFD
PC: 00000019 A: 00000003 B: 0000000A SP: 00000FFF ldnl 00000000
PC: 0000001A A: 00000007 B: 0000000A SP: 00000FFF sub
PC: 0000001B A: 00000007 B: 0000000A SP: 00000FFF brlz 00000007
PC: 0000001C A: 0000003E B: 00000007 SP: 00000FFF ldl FFFFFFFD
PC: 0000001D A: 0000003F B: 00000007 SP: 00000FFF adc 00000001
PC: 0000001E A: 00000007 B: 00000007 SP: 00000FFF stl FFFFFFFD
PC: 0000001F A: 00000008 B: 00000007 SP: 00000FFF ldl FFFFFFFE
PC: 00000020 A: 00000007 B: 00000007 SP: 00000FFF adc FFFFFFFF
PC: 00000021 A: 00000007 B: 00000007 SP: 00000FFF stl FFFFFFFE
PC: 00000013 A: 00000007 B: 00000007 SP: 00000FFF br FFFFFFF1
PC: 00000014 A: 00000007 B: 00000007 SP: 00000FFF ldl FFFFFFFE
PC: 00000015 A: 00000007 B: 00000007 SP: 00000FFF brz 0000001E
PC: 00000016 A: 00000040 B: 00000007 SP: 00000FFF ldl FFFFFFFF
PC: 00000017 A: 0000000A B: 00000007 SP: 00000FFF ldnl 00000000
PC: 00000018 A: 0000003F B: 0000000A SP: 00000FFF ldl FFFFFFFD
PC: 00000019 A: 0000000F B: 0000000A SP: 00000FFF ldnl 00000000
PC: 0000001A A: FFFFFFFB B: 0000000A SP: 00000FFF sub
PC: 00000022 A: FFFFFFFB B: 0000000A SP: 00000FFF brlz 00000007
PC: 00000023 A: 00000040 B: FFFFFFFB SP: 00000FFF ldl FFFFFFFF
PC: 00000024 A: 0000000A B: FFFFFFFB SP: 00000FFF ldnl 00000000
PC: 00000025 A: FFFFFFFB B: FFFFFFFB SP: 00000FFF stl FFFFFFFC
PC: 00000026 A: 0000003F B: FFFFFFFB SP: 00000FFF ldl FFFFFFFD
PC: 00000027 A: 0000000F B: FFFFFFFB SP: 00000FFF ldnl 00000000
PC: 00000028 A: 00000040 B: 0000000F SP: 00000FFF ldl FFFFFFFF
PC: 00000029 A: 00000040 B: 0000000F SP: 00000FFF stnl 00000000
PC: 0000002A A: 0000000A B: 00000040 SP: 00000FFF ldl FFFFFFFC
PC: 0000002B A: 0000003F B: 0000000A SP: 00000FFF ldl FFFFFFFD
PC: 0000002C A: 0000003F B: 0000000A SP: 00000FFF stnl 00000000
PC: 0000002D A: 0000003F B: 0000003F SP: 00000FFF ldl FFFFFFFD
PC: 0000002E A: 00000040 B: 0000003F SP: 00000FFF adc 00000001
PC: 0000002F A: 0000003F B: 0000003F SP: 00000FFF stl FFFFFFFD
PC: 00000030 A: 00000007 B: 0000003F SP: 00000FFF ldl FFFFFFFE
PC: 00000031 A: 00000006 B: 0000003F SP: 00000FFF adc FFFFFFFF
PC: 00000032 A: 0000003F B: 0000003F SP: 00000FFF stl FFFFFFFE
PC: 00000013 A: 0000003F B: 0000003F SP: 00000FFF br FFFFFFE0
PC: 00000014 A: 00000006 B: 0000003F SP: 00000FFF ldl FFFFFFFE
PC: 00000015 A: 00000006 B: 0000003F SP: 00000FFF brz 0000001E
PC: 00000016 A: 00000040 B: 00000006 SP: 00000FFF ldl FFFFFFFF
PC: 00000017 A: 0000000F B: 00000006 SP: 00000FFF ldnl 00000000
PC: 00000018 A: 00000040 B: 0000000F SP: 00000FFF ldl FFFFFFFD
PC: 00000019 A: 0000000F B: 0000000F SP: 00000FFF ldnl 00000000
PC: 0000001A A: 00000000 B: 0000000F SP: 00000FFF sub
PC: 0000001B A: 00000000 B: 0000000F SP: 00000FFF brlz 00000007
PC: 0000001C A: 00000040 B: 00000000 SP: 00000FFF ldl FFFFFFFD
PC: 0000001D A: 00000041 B: 00000000 SP: 00000FFF adc 00000001
PC: 0000001E A: 00000000 B: 00000000 SP: 00000FFF stl FFFFFFFD
PC: 0000001F A: 00000006 B: 00000000 SP: 00000FFF ldl FFFFFFFE
PC: 00000020 A: 00000005 B: 00000000 SP: 00000FFF adc FFFFFFFF
PC: 00000021 A: 00000000 B: 00000000 SP: 00000FFF stl FFFFFFFE
PC: 00000013 A: 00000000 B: 00000000 SP: 00000FFF br FFFFFFF1
PC: 00000014 A: 00000005 B: 00000000 SP: 00000FFF ldl FFFFFFFE
PC: 00000015 A: 00000005 B: 00000000 SP: 00000FFF brz 0000001E
PC: 00000016 A: 00000040 B: 00000005 SP: 00000FFF ldl FFFFFFFF
PC: 00000017 A: 0000000F B: 00000005 SP: 00000FFF ldnl 00000000
PC: 00000018 A: 00000041 B: 0000000F SP: 00000FFF ldl FFFFFFFD
PC: 00000019 A: FFFFFFF1 B: 0000000F SP: 00000FFF ldnl 00000000
PC: 0000001A A: 0000001E B: 0000000F SP: 00000FFF sub
PC: 0000001B A: 0000001E B: 0000000F SP: 00000FFF brlz 00000007
PC: 0000001C A: 00000041 B: 0000001E SP: 00000FFF ldl FFFFFFFD
PC: 0000001D A: 00000042 B: 0000001E SP: 00000FFF adc 00000001
PC: 0000001E A: 0000001E B: 0000001E SP: 00000FFF stl FFFFFFFD
PC: 0000001F A: 00000005 B: 0000001E SP: 00000FFF ldl FFFFFFFE
PC: 00000020 A: 00000004 B: 0000001E SP: 00000FFF adc FFFFFFFF
PC: 00000021 A: 0000001E B: 0000001E SP: 00000FFF stl FFFFFFFE
PC: 00000013 A: 0000001E B: 0000001E SP: 00000FFF br FFFFFFF1
PC: 00000014 A: 00000004 B: 0000001E SP: 00000FFF ldl FFFFFFFE
PC: 00000015 A: 00000004 B: 0000001E SP: 00000FFF brz 0000001E
PC: 00000016 A: 00000040 B: 00000004 SP: 00000FFF ldl FFFFFFFF
PC: 00000017 A: 0000000F B: 00000004 SP: 00000FFF ldnl 00000000
PC: 00000018 A: 00000042 B: 0000000F SP: 00000FFF ldl FFFFFFFD
PC: 00000019 A: 00000006 B: 0000000F SP: 00000FFF ldnl 00000000
PC: 0000001A A: 00000009 B: 0000000F SP: 00000FFF sub
PC: 0000001B A: 00000009 B: 0000000F SP: 00000FFF brlz 00000007
PC: 0000001C A: 00000042 B: 00000009 SP: 00000FFF ldl FFFFFFFD
PC: 0000001D A: 00000043 B: 00000009 SP: 00000FFF adc 00000001
PC: 0000001E A: 00000009 B: 00000009 SP: 00000FFF stl FFFFFFFD
PC: 0000001F A: 00000004 B: 00000009 SP: 00000FFF ldl FFFFFFFE
PC: 00000020 A: 00000003 B: 00000009 SP: 00000FFF adc FFFFFFFF
PC: 00000021 A: 00000009 B: 00000009 SP: 00000FFF stl FFFFFFFE
PC: 00000013 A: 00000009 B: 00000009 SP: 00000FFF br FFFFFFF1
PC: 00000014 A: 00000003 B: 00000009 SP: 00000FFF ldl FFFFFFFE
PC: 00000015 A: 00000003 B: 00000009 SP: 00000FFF brz 0000001E
PC: 00000016 A: 00000040 B: 00000003 SP: 00000FFF ldl FFFFFFFF
PC: 00000017 A: 0000000F B: 00000003 SP: 00000FFF ldnl 00000000
PC: 00000018 A: 00000043 B: 0000000F SP: 00000FFF ldl FFFFFFFD
PC: 00000019 A: FFFFFFF6 B: 0000000F SP: 00000FFF ldnl 00000000
PC: 0000001A A: 00000019 B: 0000000F SP: 00000FFF sub
PC: 0000001B A: 00000019 B: 0000000F SP: 00000FFF brlz 00000007
PC: 0000001C A: 00000043 B: 00000019 SP: 00000FFF ldl FFFFFFFD
PC: 0000001D A: 00000044 B: 00000019 SP: 00000FFF adc 00000001
PC: 0000001E A: 00000019 B: 00000019 SP: 00000FFF stl FFFFFFFD
PC: 0000001F A: 00000003 B: 00000019 SP: 00000FFF ldl FFFFFFFE
PC: 00000020 A: 00000002 B: 00000019 SP: 00000FFF adc FFFFFFFF
PC: 00000021 A: 00000019 B: 00000019 SP: 00000FFF stl FFFFFFFE
PC: 00000013 A: 00000019 B: 00000019 SP: 00000FFF br FFFFFFF1
PC: 00000014 A: 00000002 B: 00000019 SP: 00000FFF ldl FFFFFFFE
PC: 00000015 A: 00000002 B: 00000019 SP: 00000FFF brz 0000001E
PC: 00000016 A: 00000040 B: 00000002 SP: 00000FFF ldl FFFFFFFF
PC: 00000017 A: 0000000F B: 00000002 SP: 00000FFF ldnl 00000000
PC: 00000018 A: 00000044 B: 0000000F SP: 00000FFF ldl FFFFFFFD
PC: 00000019 A: 00000008 B: 0000000F SP: 00000FFF ldnl 00000000
PC: 0000001A A: 00000007 B: 0000000F SP: 00000FFF sub
PC: 0000001B A: 00000007 B: 0000000F SP: 00000FFF brlz 00000007
PC: 0000001C A: 00000044 B: 00000007 SP: 00000FFF ldl FFFFFFFD
PC: 0000001D A: 00000045 B: 00000007 SP: 00000FFF adc 00000001
PC: 0000001E A: 00000007 B: 00000007 SP: 00000FFF stl FFFFFFFD
PC: 0000001F A: 00000002 B: 00000007 SP: 00000FFF ldl FFFFFFFE
PC: 00000020 A: 00000001 B: 00000007 SP: 00000FFF adc FFFFFFFF
PC: 00000021 A: 00000007 B: 00000007 SP: 00000FFF stl FFFFFFFE
PC: 00000013 A: 00000007 B: 00000007 SP: 00000FFF br FFFFFFF1
PC: 00000014 A: 00000001 B: 00000007 SP: 00000FFF ldl FFFFFFFE
PC: 00000015 A: 00000001 B: 00000007 SP: 00000FFF brz 0000001E
PC: 00000016 A: 00000040 B: 00000001 SP: 00000FFF ldl FFFFFFFF
PC: 00000017 A: 0000000F B: 00000001 SP: 00000FFF ldnl 00000000
PC: 00000018 A: 00000045 B: 0000000F SP: 00000FFF ldl FFFFFFFD
PC: 00000019 A: FFFFFFFD B: 0000000F SP: 00000FFF ldnl 00000000
PC: 0000001A A: 00000012 B: 0000000F SP: 00000FFF sub
PC: 0000001B A: 00000012 B: 0000000F SP: 00000FFF brlz 00000007
PC: 0000001C A: 00000045 B: 00000012 SP: 00000FFF ldl FFFFFFFD
PC: 0000001D A: 00000046 B: 00000012 SP: 00000FFF adc 00000001
PC: 0000001E A: 00000012 B: 00000012 SP: 00000FFF stl FFFFFFFD
PC: 0000001F A: 00000001 B: 00000012 SP: 00000FFF ldl FFFFFFFE
PC: 00000020 A: 00000000 B: 00000012 SP: 00000FFF adc FFFFFFFF
PC: 00000021 A: 00000012 B: 00000012 SP: 00000FFF stl FFFFFFFE
PC: 00000013 A: 00000012 B: 00000012 SP: 00000FFF br FFFFFFF1
PC: 00000014 A: 00000000 B: 00000012 SP: 00000FFF ldl FFFFFFFE
PC: 00000033 A: 00000000 B: 00000012 SP: 00000FFF brz 0000001E
PC: 00000034 A: 00000040 B: 00000000 SP: 00000FFF ldl FFFFFFFF
PC: 00000035 A: 00000041 B: 00000000 SP: 00000FFF adc 00000001
PC: 00000036 A: 00000000 B: 00000000 SP: 00000FFF stl FFFFFFFF
PC: 00000037 A: 00000007 B: 00000000 SP: 00000FFF ldl 00000000
PC: 00000038 A: 00000006 B: 00000000 SP: 00000FFF adc FFFFFFFF
PC: 00000039 A: 00000000 B: 00000000 SP: 00000FFF stl 00000000
PC: 0000000B A: 00000000 B: 00000000 SP: 00000FFF br FFFFFFD1
PC: 0000000C A: 00000006 B: 00000000 SP: 00000FFF ldl 00000000
PC: 0000000D A: 00000006 B: 00000000 SP: 00000FFF brz 0000002D
PC: 0000000E A: 0000003D B: 00000006 SP: 00000FFF ldc 0000003D
PC: 0000000F A: 00000006 B: 00000006 SP: 00000FFF stl FFFFFFFD
PC: 00000010 A: 0000003C B: 00000006 SP: 00000FFF ldc 0000003C
PC: 00000011 A: 0000000A B: 00000006 SP: 00000FFF ldnl 00000000
PC: 00000012 A: 00000009 B: 00000006 SP: 00000FFF adc FFFFFFFF
PC: 00000013 A: 00000006 B: 00000006 SP: 00000FFF stl FFFFFFFE
PC: 00000014 A: 00000009 B: 00000006 SP: 00000FFF ldl FFFFFFFE
PC: 00000015 A: 00000009 B: 00000006 SP: 00000FFF brz 0000001E
PC: 00000016 A: 00000041 B: 00000009 SP: 00000FFF ldl FFFFFFFF
PC: 00000017 A: FFFFFFF1 B: 00000009 SP: 00000FFF ldnl 00000000
PC: 00000018 A: 0000003D B: FFFFFFF1 SP: 00000FFF ldl FFFFFFFD
PC: 00000019 A: FFFFFFFB B: FFFFFFF1 SP: 00000FFF ldnl 00000000
PC: 0000001A A: FFFFFFF6 B: FFFFFFF1 SP: 00000FFF sub
PC: 00000022 A: FFFFFFF6 B: FFFFFFF1 SP: 00000FFF brlz 00000007
PC: 00000023 A: 00000041 B: FFFFFFF6 SP: 00000FFF ldl FFFFFFFF
PC: 00000024 A: FFFFFFF1 B: FFFFFFF6 SP: 00000FFF ldnl 00000000
PC: 00000025 A: FFFFFFF6 B: FFFFFFF6 SP: 00000FFF stl FFFFFFFC
PC: 00000026 A: 0000003D B: FFFFFFF6 SP: 00000FFF ldl FFFFFFFD
PC: 00000027 A: FFFFFFFB B: FFFFFFF6 SP: 00000FFF ldnl 00000000
PC: 00000028 A: 00000041 B: FFFFFFFB SP: 00000FFF ldl FFFFFFFF
PC: 00000029 A: 00000041 B: FFFFFFFB SP: 00000FFF stnl 00000000
PC: 0000002A A: FFFFFFF1 B: 00000041 SP: 00000FFF ldl FFFFFFFC
PC: 0000002B A: 0000003D B: FFFFFFF1 SP: 00000FFF ldl FFFFFFFD
PC: 0000002C A: 0000003D B: FFFFFFF1 SP: 00000FFF stnl 00000000
PC: 0000002D A: 0000003D B: 0000003D SP: 00000FFF ldl FFFFFFFD
PC: 0000002E A: 0000003E B: 0000003D SP: 00000FFF adc 00000001
PC: 0000002F A: 0000003D B: 0000003D SP: 00000FFF stl FFFFFFFD
PC: 00000030 A: 00000009 B: 0000003D SP: 00000FFF ldl FFFFFFFE
PC: 00000031 A: 00000008 B: 0000003D SP: 00000FFF adc FFFFFFFF
PC: 00000032 A: 0000003D B: 0000003D SP: 00000FFF stl FFFFFFFE
PC: 00000013 A: 0000003D B: 0000003D SP: 00000FFF br FFFFFFE0
PC: 00000014 A: 00000008 B: 0000003D SP: 00000FFF ldl FFFFFFFE
PC: 00000015 A: 00000008 B: 0000003D SP: 00000FFF brz 0000001E
PC: 00000016 A: 00000041 B: 00000008 SP: 00000FFF ldl FFFFFFFF
PC: 00000017 A: FFFFFFFB B: 00000008 SP: 00000FFF ldnl 00000000
PC: 00000018 A: 0000003E B: FFFFFFFB SP: 00000FFF ldl FFFFFFFD
PC: 00000019 A: 00000003 B: FFFFFFFB SP: 00000FFF ldnl 00000000
PC: 0000001A A: FFFFFFF8 B: FFFFFFFB SP: 00000FFF sub
PC: 00000022 A: FFFFFFF8 B: FFFFFFFB SP: 00000FFF brlz 00000007
PC: 00000023 A: 00000041 B: FFFFFFF8 SP: 00000FFF ldl FFFFFFFF
PC: 00000024 A: FFFFFFFB B: FFFFFFF8 SP: 00000FFF ldnl 00000000
PC: 00000025 A: FFFFFFF8 B: FFFFFFF8 SP: 00000FFF stl FFFFFFFC
PC: 00000026 A: 0000003E B: FFFFFFF8 SP: 00000FFF ldl FFFFFFFD
PC: 00000027 A: 00000003 B: FFFFFFF8 SP: 00000FFF ldnl 00000000
PC: 00000028 A: 00000041 B: 00000003 SP: 00000FFF ldl FFFFFFFF
PC: 00000029 A: 00000041 B: 00000003 SP: 00000FFF stnl 00000000
PC: 0000002A A: FFFFFFFB B: 00000041 SP: 00000FFF ldl FFFFFFFC
PC: 0000002B A: 0000003E B: FFFFFFFB SP: 00000FFF ldl FFFFFFFD
PC: 0000002C A: 0000003E B: FFFFFFFB SP: 00000FFF stnl 00000000
PC: 0000002D A: 0000003E B: 0000003E SP: 00000FFF ldl FFFFFFFD
PC: 0000002E A: 0000003F B: 0000003E SP: 00000FFF adc 00000001
PC: 0000002F A: 0000003E B: 0000003E SP: 00000FFF stl FFFFFFFD
PC: 00000030 A: 00000008 B: 0000003E SP: 00000FFF ldl FFFFFFFE
PC: 00000031 A: 00000007 B: 0000003E SP: 00000FFF adc FFFFFFFF
PC: 00000032 A: 0000003E B: 0000003E SP: 00000FFF stl FFFFFFFE
PC: 00000013 A: 0000003E B: 0000003E SP: 00000FFF br FFFFFFE0
PC: 00000014 A: 00000007 B: 0000003E SP: 00000FFF ldl FFFFFFFE
PC: 00000015 A: 00000007 B: 0000003E SP: 00000FFF brz 0000001E
PC: 00000016 A: 00000041 B: 00000007 SP: 00000FFF ldl FFFFFFFF
PC: 00000017 A: 00000003 B: 00000007 SP: 00000FFF ldnl 00000000
PC: 00000018 A: 0000003F B: 00000003 SP: 00000FFF ldl FFFFFFFD
PC: 00000019 A: 0000000A B: 00000003 SP: 00000FFF ldnl 00000000
PC: 0000001A A: FFFFFFF9 B: 00000003 SP: 00000FFF sub
PC: 00000022 A: FFFFFFF9 B: 00000003 SP: 00000FFF brlz 00000007
PC: 00000023 A: 00000041 B: FFFFFFF9 SP: 00000FFF ldl FFFFFFFF
PC: 00000024 A: 00000003 B: FFFFFFF9 SP: 00000FFF ldnl 00000000
PC: 00000025 A: FFFFFFF9 B: FFFFFFF9 SP: 00000FFF stl FFFFFFFC
PC: 00000026 A: 0000003F B: FFFFFFF9 SP: 00000FFF ldl FFFFFFFD
PC: 00000027 A: 0000000A B: FFFFFFF9 SP: 00000FFF ldnl 00000000
PC: 00000028 A: 00000041 B: 0000000A SP: 00000FFF ldl FFFFFFFF
PC: 00000029 A: 00000041 B: 0000000A SP: 00000FFF stnl 00000000
PC: 0000002A A: 00000003 B: 00000041 SP: 00000FFF ldl FFFFFFFC
PC: 0000002B A: 0000003F B: 00000003 SP: 00000FFF ldl FFFFFFFD
PC: 0000002C A: 0000003F B: 00000003 SP: 00000FFF stnl 00000000
PC: 0000002D A: 0000003F B: 0000003F SP: 00000FFF ldl FFFFFFFD
PC: 0000002E A: 00000040 B: 0000003F SP: 00000FFF adc 00000001
PC: 0000002F A: 0000003F B: 0000003F SP: 00000FFF stl FFFFFFFD
PC: 00000030 A: 00000007 B: 0000003F SP: 00000FFF ldl FFFFFFFE
PC: 00000031 A: 00000006 B: 0000003F SP: 00000FFF adc FFFFFFFF
PC: 00000032 A: 0000003F B: 0000003F SP: 00000FFF stl FFFFFFFE
PC: 00000013 A: 0000003F B: 0000003F SP: 00000FFF br FFFFFFE0
PC: 00000014 A: 00000006 B: 0000003F SP: 00000FFF ldl FFFFFFFE
PC: 00000015 A: 00000006 B: 0000003F SP: 00000FFF brz 0000001E
PC: 00000016 A: 00000041 B: 00000006 SP: 00000FFF ldl FFFFFFFF
PC: 00000017 A: 0000000A B: 00000006 SP: 00000FFF ldnl 00000000
PC: 00000018 A: 00000040 B: 0000000A SP: 00000FFF ldl FFFFFFFD
PC: 00000019 A: 0000000F B: 0000000A SP: 00000FFF ldnl 00000000
PC: 0000001A A: FFFFFFFB B: 0000000A SP: 00000FFF sub
PC: 00000022 A: FFFFFFFB B: 0000000A SP: 00000FFF brlz 00000007
PC: 00000023 A: 00000041 B: FFFFFFFB SP: 00000FFF ldl FFFFFFFF
PC: 00000024 A: 0000000A B: FFFFFFFB SP: 00000FFF ldnl 00000000
PC: 00000025 A: FFFFFFFB B: FFFFFFFB SP: 00000FFF stl FFFFFFFC
PC: 00000026 A: 00000040 B: FFFFFFFB SP: 00000FFF ldl FFFFFFFD
PC: 00000027 A: 0000000F B: FFFFFFFB SP: 00000FFF ldnl 00000000
PC: 00000028 A: 00000041 B: 0000000F SP: 00000FFF ldl FFFFFFFF
PC: 00000029 A: 00000041 B: 0000000F SP: 00000FFF stnl 00000000
PC: 0000002A A: 0000000A B: 00000041 SP: 00000FFF ldl FFFFFFFC
PC: 0000002B A: 00000040 B: 0000000A SP: 00000FFF ldl FFFFFFFD
PC: 0000002C A: 00000040 B: 0000000A SP: 00000FFF stnl 00000000
PC: 0000002D A: 00000040 B: 00000040 SP: 00000FFF ldl FFFFFFFD
PC: 0000002E A: 00000041 B: 00000040 SP: 00000FFF adc 00000001
PC: 0000002F A: 00000040 B: 00000040 SP: 00000FFF stl FFFFFFFD
PC: 00000030 A: 00000006 B: 00000040 SP: 00000FFF ldl FFFFFFFE
PC: 00000031 A: 00000005 B: 00000040 SP: 00000FFF adc FFFFFFFF
PC: 00000032 A: 00000040 B: 00000040 SP: 00000FFF stl FFFFFFFE
PC: 00000013 A: 00000040 B: 00000040 SP: 00000FFF br FFFFFFE0
PC: 00000014 A: 00000005 B: 00000040 SP: 00000FFF ldl FFFFFFFE
PC: 00000015 A: 00000005 B: 00000040 SP: 00000FFF brz 0000001E
PC: 00000016 A: 00000041 B: 00000005 SP: 00000FFF ldl FFFFFFFF
PC: 00000017 A: 0000000F B: 00000005 SP: 00000FFF ldnl 00000000
PC: 00000018 A: 00000041 B: 0000000F SP: 00000FFF ldl FFFFFFFD
PC: 00000019 A: 0000000F B: 0000000F SP: 00000FFF ldnl 00000000
PC: 0000001A A: 00000000 B: 0000000F SP: 00000FFF sub
PC: 0000001B A: 00000000 B: 0000000F SP: 00000FFF brlz 00000007
PC: 0000001C A: 00000041 B: 00000000 SP: 00000FFF ldl FFFFFFFD
PC: 0000001D A: 00000042 B: 00000000 SP: 00000FFF adc 00000001
PC: 0000001E A: 00000000 B: 00000000 SP: 00000FFF stl FFFFFFFD
PC: 0000001F A: 00000005 B: 00000000 SP: 00000FFF ldl FFFFFFFE
PC: 00000020 A: 00000004 B: 00000000 SP: 00000FFF adc FFFFFFFF
PC: 00000021 A: 00000000 B: 00000000 SP: 00000FFF stl FFFFFFFE
PC: 00000013 A: 00000000 B: 00000000 SP: 00000FFF br FFFFFFF1
PC: 00000014 A: 00000004 B: 00000000 SP: 00000FFF ldl FFFFFFFE
PC: 00000015 A: 00000004 B: 00000000 SP: 00000FFF brz 0000001E
PC: 00000016 A: 00000041 B: 00000004 SP: 00000FFF ldl FFFFFFFF
PC: 00000017 A: 0000000F B: 00000004 SP: 00000FFF ldnl 00000000
PC: 00000018 A: 00000042 B: 0000000F SP: 00000FFF ldl FFFFFFFD
PC: 00000019 A: 00000006 B: 0000000F SP: 00000FFF ldnl 00000000
PC: 0000001A A: 00000009 B: 0000000F SP: 00000FFF sub
PC: 0000001B A: 00000009 B: 0000000F SP: 00000FFF brlz 00000007
PC: 0000001C A: 00000042 B: 00000009 SP: 00000FFF ldl FFFFFFFD
PC: 0000001D A: 00000043 B: 00000009 SP: 00000FFF adc 00000001
PC: 0000001E A: 00000009 B: 00000009 SP: 00000FFF stl FFFFFFFD
PC: 0000001F A: 00000004 B: 00000009 SP: 00000FFF ldl FFFFFFFE
PC: 00000020 A: 00000003 B: 00000009 SP: 00000FFF adc FFFFFFFF
PC: 00000021 A: 00000009 B: 00000009 SP: 00000FFF stl FFFFFFFE
PC: 00000013 A: 00000009 B: 00000009 SP: 00000FFF br FFFFFFF1
PC: 00000014 A: 00000003 B: 00000009 SP: 00000FFF ldl FFFFFFFE
PC: 00000015 A: 00000003 B: 00000009 SP: 00000FFF brz 0000001E
PC: 00000016 A: 00000041 B: 00000003 SP: 00000FFF ldl FFFFFFFF
PC: 00000017 A: 0000000F B: 00000003 SP: 00000FFF ldnl 00000000
PC: 00000018 A: 00000043 B: 0000000F SP: 00000FFF ldl FFFFFFFD
PC: 00000019 A: FFFFFFF6 B: 0000000F SP: 00000FFF ldnl 00000000
PC: 0000001A A: 00000019 B: 0000000F SP: 00000FFF sub
PC: 0000001B A: 00000019 B: 0000000F SP: 00000FFF brlz 00000007
PC: 0000001C A: 00000043 B: 00000019 SP: 00000FFF ldl FFFFFFFD
PC: 0000001D A: 00000044 B: 00000019 SP: 00000FFF adc 00000001
PC: 0000001E A: 00000019 B: 00000019 SP: 00000FFF stl FFFFFFFD
PC: 0000001F A: 00000003 B: 00000019 SP: 00000FFF ldl FFFFFFFE
PC: 00000020 A: 00000002 B: 00000019 SP: 00000FFF adc FFFFFFFF
PC: 00000021 A: 00000019 B: 00000019 SP: 00000FFF stl FFFFFFFE
PC: 00000013 A: 00000019 B: 00000019 SP: 00000FFF br FFFFFFF1
PC: 00000014 A: 00000002 B: 00000019 SP: 00000FFF ldl FFFFFFFE
PC: 00000015 A: 00000002 B: 00000019 SP: 00000FFF brz 0000001E
PC: 00000016 A: 00000041 B: 00000002 SP: 00000FFF ldl FFFFFFFF
PC: 00000017 A: 0000000F B: 00000002 SP: 00000FFF ldnl 00000000
PC: 00000018 A: 00000044 B: 0000000F SP: 00000FFF ldl FFFFFFFD
PC: 00000019 A: 00000008 B: 0000000F SP: 00000FFF ldnl 00000000
PC: 0000001A A: 00000007 B: 0000000F SP: 00000FFF sub
PC: 0000001B A: 00000007 B: 0000000F SP: 00000FFF brlz 00000007
PC: 0000001C A: 00000044 B: 00000007 SP: 00000FFF ldl FFFFFFFD
PC: 0000001D A: 00000045 B: 00000007 SP: 00000FFF adc 00000001
PC: 0000001E A: 00000007 B: 00000007 SP: 00000FFF stl FFFFFFFD
PC: 0000001F A: 00000002 B: 00000007 SP: 00000FFF ldl FFFFFFFE
PC: 00000020 A: 00000001 B: 00000007 SP: 00000FFF adc FFFFFFFF
PC: 00000021 A: 00000007 B: 00000007 SP: 00000FFF stl FFFFFFFE
PC: 00000013 A: 00000007 B: 00000007 SP: 00000FFF br FFFFFFF1
PC: 00000014 A: 00000001 B: 00000007 SP: 00000FFF ldl FFFFFFFE
PC: 00000015 A: 00000001 B: 00000007 SP: 00000FFF brz 0000001E
PC: 00000016 A: 00000041 B: 00000001 SP: 00000FFF ldl FFFFFFFF
PC: 00000017 A: 0000000F B: 00000001 SP: 00000FFF ldnl 00000000
PC: 00000018 A: 00000045 B: 0000000F SP: 00000FFF ldl FFFFFFFD
PC: 00000019 A: FFFFFFFD B: 0000000F SP: 00000FFF ldnl 00000000
PC: 0000001A A: 00000012 B: 0000000F SP: 00000FFF sub
PC: 0000001B A: 00000012 B: 0000000F SP: 00000FFF brlz 00000007
PC: 0000001C A: 00000045 B: 00000012 SP: 00000FFF ldl FFFFFFFD
PC: 0000001D A: 00000046 B: 00000012 SP: 00000FFF adc 00000001
PC: 0000001E A: 00000012 B: 00000012 SP: 00000FFF stl FFFFFFFD
PC: 0000001F A: 00000001 B: 00000012 SP: 00000FFF ldl FFFFFFFE
PC: 00000020 A: 00000000 B: 00000012 SP: 00000FFF adc FFFFFFFF
PC: 00000021 A: 00000012 B: 00000012 SP: 00000FFF stl FFFFFFFE
PC: 00000013 A: 00000012 B: 00000012 SP: 00000FFF br FFFFFFF1
PC: 00000014 A: 00000000 B: 00000012 SP: 00000FFF ldl FFFFFFFE
PC: 00000033 A: 00000000 B: 00000012 SP: 00000FFF brz 0000001E
PC: 00000034 A: 00000041 B: 00000000 SP: 00000FFF ldl FFFFFFFF
PC: 00000035 A: 00000042 B: 00000000 SP: 00000FFF adc 00000001
PC: 00000036 A: 00000000 B: 00000000 SP: 00000FFF stl FFFFFFFF
PC: 00000037 A: 00000006 B: 00000000 SP: 00000FFF ldl 00000000
PC: 00000038 A: 00000005 B: 00000000 SP: 00000FFF adc FFFFFFFF
PC: 00000039 A: 00000000 B: 00000000 SP: 00000FFF stl 00000000
PC: 0000000B A: 00000000 B: 00000000 SP: 00000FFF br FFFFFFD1
PC: 0000000C A: 00000005 B: 00000000 SP: 00000FFF ldl 00000000
PC: 0000000D A: 00000005 B: 00000000 SP: 00000FFF brz 0000002D
PC: 0000000E A: 0000003D B: 00000005 SP: 00000FFF ldc 0000003D
PC: 0000000F A: 00000005 B: 00000005 SP: 00000FFF stl FFFFFFFD
PC: 00000010 A: 0000003C B: 00000005 SP: 00000FFF ldc 0000003C
PC: 00000011 A: 0000000A B: 00000005 SP: 00000FFF ldnl 00000000
PC: 00000012 A: 00000009 B: 00000005 SP: 00000FFF adc FFFFFFFF
PC: 00000013 A: 00000005 B: 00000005 SP: 00000FFF stl FFFFFFFE
PC: 00000014 A: 00000009 B: 00000005 SP: 00000FFF ldl FFFFFFFE
PC: 00000015 A: 00000009 B: 00000005 SP: 00000FFF brz 0000001E
PC: 00000016 A: 00000042 B: 00000009 SP: 00000FFF ldl FFFFFFFF
PC: 00000017 A: 00000006 B: 00000009 SP: 00000FFF ldnl 00000000
PC: 00000018 A: 0000003D B: 00000006 SP: 00000FFF ldl FFFFFFFD
PC: 00000019 A: FFFFFFF1 B: 00000006 SP: 00000FFF ldnl 00000000
PC: 0000001A A: 00000015 B: 00000006 SP: 00000FFF sub
PC: 0000001B A: 00000015 B: 00000006 SP: 00000FFF brlz 00000007
PC: 0000001C A: 0000003D B: 00000015 SP: 00000FFF ldl FFFFFFFD
PC: 0000001D A: 0000003E B: 00000015 SP: 00000FFF adc 00000001
PC: 0000001E A: 00000015 B: 00000015 SP: 00000FFF stl FFFFFFFD
PC: 0000001F A: 00000009 B: 00000015 SP: 00000FFF ldl FFFFFFFE
PC: 00000020 A: 00000008 B: 00000015 SP: 00000FFF adc FFFFFFFF
PC: 00000021 A: 00000015 B: 00000015 SP: 00000FFF stl FFFFFFFE
PC: 00000013 A: 00000015 B: 00000015 SP: 00000FFF br FFFFFFF1
PC: 00000014 A: 00000008 B: 00000015 SP: 00000FFF ldl FFFFFFFE
PC: 00000015 A: 00000008 B: 00000015 SP: 00000FFF brz 0000001E
PC: 00000016 A: 00000042 B: 00000008 SP: 00000FFF ldl FFFFFFFF
PC: 00000017 A: 00000006 B: 00000008 SP: 00000FFF ldnl 00000000
PC: 00000018 A: 0000003E B: 00000006 SP: 00000FFF ldl FFFFFFFD
PC: 00000019 A: FFFFFFFB B: 00000006 SP: 00000FFF ldnl 00000000
PC: 0000001A A: 0000000B B: 00000006 SP: 00000FFF sub
PC: 0000001B A: 0000000B B: 00000006 SP: 00000FFF brlz 00000007
PC: 0000001C A: 0000003E B: 0000000B SP: 00000FFF ldl FFFFFFFD
PC: 0000001D A: 0000003F B: 0000000B SP: 00000FFF adc 00000001
PC: 0000001E A: 0000000B B: 0000000B SP: 00000FFF stl FFFFFFFD
PC: 0000001F A: 00000008 B: 0000000B SP: 00000FFF ldl FFFFFFFE
PC: 00000020 A: 00000007 B: 0000000B SP: 00000FFF adc FFFFFFFF
PC: 00000021 A: 0000000B B: 0000000B SP: 00000FFF stl FFFFFFFE
PC: 00000013 A: 0000000B B: 0000000B SP: 00000FFF br FFFFFFF1
PC: 00000014 A: 00000007 B: 0000000B SP: 00000FFF ldl FFFFFFFE
PC: 00000015 A: 00000007 B: 0000000B SP: 00000FFF brz 0000001E
PC: 00000016 A: 00000042 B: 00000007 SP: 00000FFF ldl FFFFFFFF
PC: 00000017 A: 00000006 B: 00000007 SP: 00000FFF ldnl 00000000
PC: 00000018 A: 0000003F B: 00000006 SP: 00000FFF ldl FFFFFFFD
PC: 00000019 A: 00000003 B: 00000006 SP: 00000FFF ldnl 00000000
PC: 0000001A A: 00000003 B: 00000006 SP: 00000FFF sub
PC: 0000001B A: 00000003 B: 00000006 SP: 00000FFF brlz 00000007
PC: 0000001C A: 0000003F B: 00000003 SP: 00000FFF ldl FFFFFFFD
PC: 0000001D A: 00000040 B: 00000003 SP: 00000FFF adc 00000001
PC: 0000001E A: 00000003 B: 00000003 SP: 00000FFF stl FFFFFFFD
PC: 0000001F A: 00000007 B: 00000003 SP: 00000FFF ldl FFFFFFFE
PC: 00000020 A: 00000006 B: 00000003 SP: 00000FFF adc FFFFFFFF
PC: 00000021 A: 00000003 B: 00000003 SP: 00000FFF stl FFFFFFFE
PC: 00000013 A: 00000003 B: 00000003 SP: 00000FFF br FFFFFFF1
PC: 00000014 A: 00000006 B: 00000003 SP: 00000FFF ldl FFFFFFFE
PC: 00000015 A: 00000006 B: 00000003 SP: 00000FFF brz 0000001E
PC: 00000016 A: 00000042 B: 00000006 SP: 00000FFF ldl FFFFFFFF
PC: 00000017 A: 00000006 B: 00000006 SP: 00000FFF ldnl 00000000
PC: 00000018 A: 00000040 B: 00000006 SP: 00000FFF ldl FFFFFFFD
PC: 00000019 A: 0000000A B: 00000006 SP: 00000FFF ldnl 00000000
PC: 0000001A A: FFFFFFFC B: 00000006 SP: 00000FFF sub
PC: 00000022 A: FFFFFFFC B: 00000006 SP: 00000FFF brlz 00000007
PC: 00000023 A: 00000042 B: FFFFFFFC SP: 00000FFF ldl FFFFFFFF
PC: 00000024 A: 00000006 B: FFFFFFFC SP: 00000FFF ldnl 00000000
PC: 00000025 A: FFFFFFFC B: FFFFFFFC SP: 00000FFF stl FFFFFFFC
PC: 00000026 A: 00000040 B: FFFFFFFC SP: 00000FFF ldl FFFFFFFD
PC: 00000027 A: 0000000A B: FFFFFFFC SP: 00000FFF ldnl 00000000
PC: 00000028 A: 00000042 B: 0000000A SP: 00000FFF ldl FFFFFFFF
PC: 00000029 A: 00000042 B: 0000000A SP: 00000FFF stnl 00000000
PC: 0000002A A: 00000006 B: 00000042 SP: 00000FFF ldl FFFFFFFC
PC: 0000002B A: 00000040 B: 00000006 SP: 00000FFF ldl FFFFFFFD
PC: 0000002C A: 00000040 B: 00000006 SP: 00000FFF stnl 00000000
PC: 0000002D A: 00000040 B: 00000040 SP: 00000FFF ldl FFFFFFFD
PC: 0000002E A: 00000041 B: 00000040 SP: 00000FFF adc 00000001
PC: 0000002F A: 00000040 B: 00000040 SP: 00000FFF stl FFFFFFFD
PC: 00000030 A: 00000006 B: 00000040 SP: 00000FFF ldl FFFFFFFE
PC: 00000031 A: 00000005 B: 00000040 SP: 00000FFF adc FFFFFFFF
PC: 00000032 A: 00000040 B: 00000040 SP: 00000FFF stl FFFFFFFE
PC: 00000013 A: 00000040 B: 00000040 SP: 00000FFF br FFFFFFE0
PC: 00000014 A: 00000005 B: 00000040 SP: 00000FFF ldl FFFFFFFE
PC: 00000015 A: 00000005 B: 00000040 SP: 00000FFF brz 0000001E
PC: 00000016 A: 00000042 B: 00000005 SP: 00000FFF ldl FFFFFFFF
PC: 00000017 A: 0000000A B: 00000005 SP: 00000FFF ldnl 00000000
PC: 00000018 A: 00000041 B: 0000000A SP: 00000FFF ldl FFFFFFFD
PC: 00000019 A: 0000000F B: 0000000A SP: 00000FFF ldnl 00000000
PC: 0000001A A: FFFFFFFB B: 0000000A SP: 00000FFF sub
PC: 00000022 A: FFFFFFFB B: 0000000A SP: 00000FFF brlz 00000007
PC: 00000023 A: 00000042 B: FFFFFFFB SP: 00000FFF ldl FFFFFFFF
PC: 00000024 A: 0000000A B: FFFFFFFB SP: 00000FFF ldnl 00000000
PC: 00000025 A: FFFFFFFB B: FFFFFFFB SP: 00000FFF stl FFFFFFFC
PC: 00000026 A: 00000041 B: FFFFFFFB SP: 00000FFF ldl FFFFFFFD
PC: 00000027 A: 0000000F B: FFFFFFFB SP: 00000FFF ldnl 00000000
PC: 00000028 A: 00000042 B: 0000000F SP: 00000FFF ldl FFFFFFFF
PC: 00000029 A: 00000042 B: 0000000F SP: 00000FFF stnl 00000000
PC: 0000002A A: 0000000A B: 00000042 SP: 00000FFF ldl FFFFFFFC
PC: 0000002B A: 00000041 B: 0000000A SP: 00000FFF ldl FFFFFFFD
PC: 0000002C A: 00000041 B: 0000000A SP: 00000FFF stnl 00000000
PC: 0000002D A: 00000041 B: 00000041 SP: 00000FFF ldl FFFFFFFD
PC: 0000002E A: 00000042 B: 00000041 SP: 00000FFF adc 00000001
PC: 0000002F A: 00000041 B: 00000041 SP: 00000FFF stl FFFFFFFD
PC: 00000030 A: 00000005 B: 00000041 SP: 00000FFF ldl FFFFFFFE
PC: 00000031 A: 00000004 B: 00000041 SP: 00000FFF adc FFFFFFFF
PC: 00000032 A: 00000041 B: 00000041 SP: 00000FFF stl FFFFFFFE
PC: 00000013 A: 00000041 B: 00000041 SP: 00000FFF br FFFFFFE0
PC: 00000014 A: 00000004 B: 00000041 SP: 00000FFF ldl FFFFFFFE
PC: 00000015 A: 00000004 B: 00000041 SP: 00000FFF brz 0000001E
PC: 00000016 A: 00000042 B: 00000004 SP: 00000FFF ldl FFFFFFFF
PC: 00000017 A: 0000000F B: 00000004 SP: 00000FFF ldnl 00000000
PC: 00000018 A: 00000042 B: 0000000F SP: 00000FFF ldl FFFFFFFD
PC: 00000019 A: 0000000F B: 0000000F SP: 00000FFF ldnl 00000000
PC: 0000001A A: 00000000 B: 0000000F SP: 00000FFF sub
PC: 0000001B A: 00000000 B: 0000000F SP: 00000FFF brlz 00000007
PC: 0000001C A: 00000042 B: 00000000 SP: 00000FFF ldl FFFFFFFD
PC: 0000001D A: 00000043 B: 00000000 SP: 00000FFF adc 00000001
PC: 0000001E A: 00000000 B: 00000000 SP: 00000FFF stl FFFFFFFD
PC: 0000001F A: 00000004 B: 00000000 SP: 00000FFF ldl FFFFFFFE
PC: 00000020 A: 00000003 B: 00000000 SP: 00000FFF adc FFFFFFFF
PC: 00000021 A: 00000000 B: 00000000 SP: 00000FFF stl FFFFFFFE
PC: 00000013 A: 00000000 B: 00000000 SP: 00000FFF br FFFFFFF1
PC: 00000014 A: 00000003 B: 00000000 SP: 00000FFF ldl FFFFFFFE
PC: 00000015 A: 00000003 B: 00000000 SP: 00000FFF brz 0000001E
PC: 00000016 A: 00000042 B: 00000003 SP: 00000FFF ldl FFFFFFFF
PC: 00000017 A: 0000000F B: 00000003 SP: 00000FFF ldnl 00000000
PC: 00000018 A: 00000043 B: 0000000F SP: 00000FFF ldl FFFFFFFD
PC: 00000019 A: FFFFFFF6 B: 0000000F SP: 00000FFF ldnl 00000000
PC: 0000001A A: 00000019 B: 0000000F SP: 00000FFF sub
PC: 0000001B A: 00000019 B: 0000000F SP: 00000FFF brlz 00000007
PC: 0000001C A: 00000043 B: 00000019 SP: 00000FFF ldl FFFFFFFD
PC: 0000001D A: 00000044 B: 00000019 SP: 00000FFF adc 00000001
PC: 0000001E A: 00000019 B: 00000019 SP: 00000FFF stl FFFFFFFD
PC: 0000001F A: 00000003 B: 00000019 SP: 00000FFF ldl FFFFFFFE
PC: 00000020 A: 00000002 B: 00000019 SP: 00000FFF adc FFFFFFFF
PC: 00000021 A: 00000019 B: 00000019 SP: 00000FFF stl FFFFFFFE
PC: 00000013 A: 00000019 B: 00000019 SP: 00000FFF br FFFFFFF1
PC: 00000014 A: 00000002 B: 00000019 SP: 00000FFF ldl FFFFFFFE
PC: 00000015 A: 00000002 B: 00000019 SP: 00000FFF brz 0000001E
PC: 00000016 A: 00000042 B: 00000002 SP: 00000FFF ldl FFFFFFFF
PC: 00000017 A: 0000000F B: 00000002 SP: 00000FFF ldnl 00000000
PC: 00000018 A: 00000044 B: 0000000F SP: 00000FFF ldl FFFFFFFD
PC: 00000019 A: 00000008 B: 0000000F SP: 00000FFF ldnl 00000000
PC: 0000001A A: 00000007 B: 0000000F SP: 00000FFF sub
PC: 0000001B A: 00000007 B: 0000000F SP: 00000FFF brlz 00000007
PC: 0000001C A: 00000044 B: 00000007 SP: 00000FFF ldl FFFFFFFD
PC: 0000001D A: 00000045 B: 00000007 SP: 00000FFF adc 00000001
PC: 0000001E A: 00000007 B: 00000007 SP: 00000FFF stl FFFFFFFD
PC: 0000001F A: 00000002 B: 00000007 SP: 00000FFF ldl FFFFFFFE
PC: 00000020 A: 00000001 B: 00000007 SP: 00000FFF adc FFFFFFFF
PC: 00000021 A: 00000007 B: 00000007 SP: 00000FFF stl FFFFFFFE
PC: 00000013 A: 00000007 B: 00000007 SP: 00000FFF br FFFFFFF1
PC: 00000014 A: 00000001 B: 00000007 SP: 00000FFF ldl FFFFFFFE
PC: 00000015 A: 00000001 B: 00000007 SP: 00000FFF brz 0000001E
PC: 00000016 A: 00000042 B: 00000001 SP: 00000FFF ldl FFFFFFFF
PC: 00000017 A: 0000000F B: 00000001 SP: 00000FFF ldnl 00000000
PC: 00000018 A: 00000045 B: 0000000F SP: 00000FFF ldl FFFFFFFD
PC: 00000019 A: FFFFFFFD B: 0000000F SP: 00000FFF ldnl 00000000
PC: 0000001A A: 00000012 B: 0000000F SP: 00000FFF sub
PC: 0000001B A: 00000012 B: 0000000F SP: 00000FFF brlz 00000007
PC: 0000001C A: 00000045 B: 00000012 SP: 00000FFF ldl FFFFFFFD
PC: 0000001D A: 00000046 B: 00000012 SP: 00000FFF adc 00000001
PC: 0000001E A: 00000012 B: 00000012 SP: 00000FFF stl FFFFFFFD
PC: 0000001F A: 00000001 B: 00000012 SP: 00000FFF ldl FFFFFFFE
PC: 00000020 A: 00000000 B: 00000012 SP: 00000FFF adc FFFFFFFF
PC: 00000021 A: 00000012 B: 00000012 SP: 00000FFF stl FFFFFFFE
PC: 00000013 A: 00000012 B: 00000012 SP: 00000FFF br FFFFFFF1
PC: 00000014 A: 00000000 B: 00000012 SP: 00000FFF ldl FFFFFFFE
PC: 00000033 A: 00000000 B: 00000012 SP: 00000FFF brz 0000001E
PC: 00000034 A: 00000042 B: 00000000 SP: 00000FFF ldl FFFFFFFF
PC: 00000035 A: 00000043 B: 00000000 SP: 00000FFF adc 00000001
PC: 00000036 A: 00000000 B: 00000000 SP: 00000FFF stl FFFFFFFF
PC: 00000037 A: 00000005 B: 00000000 SP: 00000FFF ldl 00000000
PC: 00000038 A: 00000004 B: 00000000 SP: 00000FFF adc FFFFFFFF
PC: 00000039 A: 00000000 B: 00000000 SP: 00000FFF stl 00000000
PC: 0000000B A: 00000000 B: 00000000 SP: 00000FFF br FFFFFFD1
PC: 0000000C A: 00000004 B: 00000000 SP: 00000FFF ldl 00000000
PC: 0000000D A: 00000004 B: 00000000 SP: 00000FFF brz 0000002D
PC: 0000000E A: 0000003D B: 00000004 SP: 00000FFF ldc 0000003D
PC: 0000000F A: 00000004 B: 00000004 SP: 00000FFF stl FFFFFFFD
PC: 00000010 A: 0000003C B: 00000004 SP: 00000FFF ldc 0000003C
PC: 00000011 A: 0000000A B: 00000004 SP: 00000FFF ldnl 00000000
PC: 00000012 A: 00000009 B: 00000004 SP: 00000FFF adc FFFFFFFF
PC: 00000013 A: 00000004 B: 00000004 SP: 00000FFF stl FFFFFFFE
PC: 00000014 A: 00000009 B: 00000004 SP: 00000FFF ldl FFFFFFFE
PC: 00000015 A: 00000009 B: 00000004 SP: 00000FFF brz 0000001E
PC: 00000016 A: 00000043 B: 00000009 SP: 00000FFF ldl FFFFFFFF
PC: 00000017 A: FFFFFFF6 B: 00000009 SP: 00000FFF ldnl 00000000
PC: 00000018 A: 0000003D B: FFFFFFF6 SP: 00000FFF ldl FFFFFFFD
PC: 00000019 A: FFFFFFF1 B: FFFFFFF6 SP: 00000FFF ldnl 00000000
PC: 0000001A A: 00000005 B: FFFFFFF6 SP: 00000FFF sub
PC: 0000001B A: 00000005 B: FFFFFFF6 SP: 00000FFF brlz 00000007
PC: 0000001C A: 0000003D B: 00000005 SP: 00000FFF ldl FFFFFFFD
PC: 0000001D A: 0000003E B: 00000005 SP: 00000FFF adc 00000001
PC: 0000001E A: 00000005 B: 00000005 SP: 00000FFF stl FFFFFFFD
PC: 0000001F A: 00000009 B: 00000005 SP: 00000FFF ldl FFFFFFFE
PC: 00000020 A: 00000008 B: 00000005 SP: 00000FFF adc FFFFFFFF
PC: 00000021 A: 00000005 B: 00000005 SP: 00000FFF stl FFFFFFFE
PC: 00000013 A: 00000005 B: 00000005 SP: 00000FFF br FFFFFFF1
PC: 00000014 A: 00000008 B: 00000005 SP: 00000FFF ldl FFFFFFFE
PC: 00000015 A: 00000008 B: 00000005 SP: 00000FFF brz 0000001E
PC: 00000016 A: 00000043 B: 00000008 SP: 00000FFF ldl FFFFFFFF
PC: 00000017 A: FFFFFFF6 B: 00000008 SP: 00000FFF ldnl 00000000
PC: 00000018 A: 0000003E B: FFFFFFF6 SP: 00000FFF ldl FFFFFFFD
PC: 00000019 A: FFFFFFFB B: FFFFFFF6 SP: 00000FFF ldnl 00000000
PC: 0000001A A: FFFFFFFB B: FFFFFFF6 SP: 00000FFF sub
PC: 00000022 A: FFFFFFFB B: FFFFFFF6 SP: 00000FFF brlz 00000007
PC: 00000023 A: 00000043 B: FFFFFFFB SP: 00000FFF ldl FFFFFFFF
PC: 00000024 A: FFFFFFF6 B: FFFFFFFB SP: 00000FFF ldnl 00000000
PC: 00000025 A: FFFFFFFB B: FFFFFFFB SP: 00000FFF stl FFFFFFFC
PC: 00000026 A: 0000003E B: FFFFFFFB SP: 00000FFF ldl FFFFFFFD
PC: 00000027 A: FFFFFFFB B: FFFFFFFB SP: 00000FFF ldnl 00000000
PC: 00000028 A: 00000043 B: FFFFFFFB SP: 00000FFF ldl FFFFFFFF
PC: 00000029 A: 00000043 B: FFFFFFFB SP: 00000FFF stnl 00000000
PC: 0000002A A: FFFFFFF6 B: 00000043 SP: 00000FFF ldl FFFFFFFC
PC: 0000002B A: 0000003E B: FFFFFFF6 SP: 00000FFF ldl FFFFFFFD
PC: 0000002C A: 0000003E B: FFFFFFF6 SP: 00000FFF stnl 00000000
PC: 0000002D A: 0000003E B: 0000003E SP: 00000FFF ldl FFFFFFFD
PC: 0000002E A: 0000003F B: 0000003E SP: 00000FFF adc 00000001
PC: 0000002F A: 0000003E B: 0000003E SP: 00000FFF stl FFFFFFFD
PC: 00000030 A: 00000008 B: 0000003E SP: 00000FFF ldl FFFFFFFE
PC: 00000031 A: 00000007 B: 0000003E SP: 00000FFF adc FFFFFFFF
PC: 00000032 A: 0000003E B: 0000003E SP: 00000FFF stl FFFFFFFE
PC: 00000013 A: 0000003E B: 0000003E SP: 00000FFF br FFFFFFE0
PC: 00000014 A: 00000007 B: 0000003E SP: 00000FFF ldl FFFFFFFE
PC: 00000015 A: 00000007 B: 0000003E SP: 00000FFF brz 0000001E
PC: 00000016 A: 00000043 B: 00000007 SP: 00000FFF ldl FFFFFFFF
PC: 00000017 A: FFFFFFFB B: 00000007 SP: 00000FFF ldnl 00000000
PC: 00000018 A: 0000003F B: FFFFFFFB SP: 00000FFF ldl FFFFFFFD
PC: 00000019 A: 00000003 B: FFFFFFFB SP: 00000FFF ldnl 00000000
PC: 0000001A A: FFFFFFF8 B: FFFFFFFB SP: 00000FFF sub
PC: 00000022 A: FFFFFFF8 B: FFFFFFFB SP: 00000FFF brlz 00000007
PC: 00000023 A: 00000043 B: FFFFFFF8 SP: 00000FFF ldl FFFFFFFF
PC: 00000024 A: FFFFFFFB B: FFFFFFF8 SP: 00000FFF ldnl 00000000
PC: 00000025 A: FFFFFFF8 B: FFFFFFF8 SP: 00000FFF stl FFFFFFFC
PC: 00000026 A: 0000003F B: FFFFFFF8 SP: 00000FFF ldl FFFFFFFD
PC: 00000027 A: 00000003 B: FFFFFFF8 SP: 00000FFF ldnl 00000000
PC: 00000028 A: 00000043 B: 00000003 SP: 00000FFF ldl FFFFFFFF
PC: 00000029 A: 00000043 B: 00000003 SP: 00000FFF stnl 00000000
PC: 0000002A A: FFFFFFFB B: 00000043 SP: 00000FFF ldl FFFFFFFC
PC: 0000002B A: 0000003F B: FFFFFFFB SP: 00000FFF ldl FFFFFFFD
PC: 0000002C A: 0000003F B: FFFFFFFB SP: 00000FFF stnl 00000000
PC: 0000002D A: 0000003F B: 0000003F SP: 00000FFF ldl FFFFFFFD
PC: 0000002E A: 00000040 B: 0000003F SP: 00000FFF adc 00000001
PC: 0000002F A: 0000003F B: 0000003F SP: 00000FFF stl FFFFFFFD
PC: 00000030 A: 00000007 B: 0000003F SP: 00000FFF ldl FFFFFFFE
PC: 00000031 A: 00000006 B: 0000003F SP: 00000FFF adc FFFFFFFF
PC: 00000032 A: 0000003F B: 0000003F SP: 00000FFF stl FFFFFFFE
PC: 00000013 A: 0000003F B: 0000003F SP: 00000FFF br FFFFFFE0
PC: 00000014 A: 00000006 B: 0000003F SP: 00000FFF ldl FFFFFFFE
PC: 00000015 A: 00000006 B: 0000003F SP: 00000FFF brz 0000001E
PC: 00000016 A: 00000043 B: 00000006 SP: 00000FFF ldl FFFFFFFF
PC: 00000017 A: 00000003 B: 00000006 SP: 00000FFF ldnl 00000000
PC: 00000018 A: 00000040 B: 00000003 SP: 00000FFF ldl FFFFFFFD
PC: 00000019 A: 00000006 B: 00000003 SP: 00000FFF ldnl 00000000
PC: 0000001A A: FFFFFFFD B: 00000003 SP: 00000FFF sub
PC: 00000022 A: FFFFFFFD B: 00000003 SP: 00000FFF brlz 00000007
PC: 00000023 A: 00000043 B: FFFFFFFD SP: 00000FFF ldl FFFFFFFF
PC: 00000024 A: 00000003 B: FFFFFFFD SP: 00000FFF ldnl 00000000
PC: 00000025 A: FFFFFFFD B: FFFFFFFD SP: 00000FFF stl FFFFFFFC
PC: 00000026 A: 00000040 B: FFFFFFFD SP: 00000FFF ldl FFFFFFFD
PC: 00000027 A: 00000006 B: FFFFFFFD SP: 00000FFF ldnl 00000000
PC: 00000028 A: 00000043 B: 00000006 SP: 00000FFF ldl FFFFFFFF
PC: 00000029 A: 00000043 B: 00000006 SP: 00000FFF stnl 00000000
PC: 0000002A A: 00000003 B: 00000043 SP: 00000FFF ldl FFFFFFFC
PC: 0000002B A: 00000040 B: 00000003 SP: 00000FFF ldl FFFFFFFD
PC: 0000002C A: 00000040 B: 00000003 SP: 00000FFF stnl 00000000
PC: 0000002D A: 00000040 B: 00000040 SP: 00000FFF ldl FFFFFFFD
PC: 0000002E A: 00000041 B: 00000040 SP: 00000FFF adc 00000001
PC: 0000002F A: 00000040 B: 00000040 SP: 00000FFF stl FFFFFFFD
PC: 00000030 A: 00000006 B: 00000040 SP: 00000FFF ldl FFFFFFFE
PC: 00000031 A: 00000005 B: 00000040 SP: 00000FFF adc FFFFFFFF
PC: 00000032 A: 00000040 B: 00000040 SP: 00000FFF stl FFFFFFFE
PC: 00000013 A: 00000040 B: 00000040 SP: 00000FFF br FFFFFFE0
PC: 00000014 A: 00000005 B: 00000040 SP: 00000FFF ldl FFFFFFFE
PC: 00000015 A: 00000005 B: 00000040 SP: 00000FFF brz 0000001E
PC: 00000016 A: 00000043 B: 00000005 SP: 00000FFF ldl FFFFFFFF
PC: 00000017 A: 00000006 B: 00000005 SP: 00000FFF ldnl 00000000
PC: 00000018 A: 00000041 B: 00000006 SP: 00000FFF ldl FFFFFFFD
PC: 00000019 A: 0000000A B: 00000006 SP: 00000FFF ldnl 00000000
PC: 0000001A A: FFFFFFFC B: 00000006 SP: 00000FFF sub
PC: 00000022 A: FFFFFFFC B: 00000006 SP: 00000FFF brlz 00000007
PC: 00000023 A: 00000043 B: FFFFFFFC SP: 00000FFF ldl FFFFFFFF
PC: 00000024 A: 00000006 B: FFFFFFFC SP: 00000FFF ldnl 00000000
PC: 00000025 A: FFFFFFFC B: FFFFFFFC SP: 00000FFF stl FFFFFFFC
PC: 00000026 A: 00000041 B: FFFFFFFC SP: 00000FFF ldl FFFFFFFD
PC: 00000027 A: 0000000A B: FFFFFFFC SP: 00000FFF ldnl 00000000
PC: 00000028 A: 00000043 B: 0000000A SP: 00000FFF ldl FFFFFFFF
PC: 00000029 A: 00000043 B: 0000000A SP: 00000FFF stnl 00000000
PC: 0000002A A: 00000006 B: 00000043 SP: 00000FFF ldl FFFFFFFC
PC: 0000002B A: 00000041 B: 00000006 SP: 00000FFF ldl FFFFFFFD
PC: 0000002C A: 00000041 B: 00000006 SP: 00000FFF stnl 00000000
PC: 0000002D A: 00000041 B: 00000041 SP: 00000FFF ldl FFFFFFFD
PC: 0000002E A: 00000042 B: 00000041 SP: 00000FFF adc 00000001
PC: 0000002F A: 00000041 B: 00000041 SP: 00000FFF stl FFFFFFFD
PC: 00000030 A: 00000005 B: 00000041 SP: 00000FFF ldl FFFFFFFE
PC: 00000031 A: 00000004 B: 00000041 SP: 00000FFF adc FFFFFFFF
PC: 00000032 A: 00000041 B: 00000041 SP: 00000FFF stl FFFFFFFE
PC: 00000013 A: 00000041 B: 00000041 SP: 00000FFF br FFFFFFE0
PC: 00000014 A: 00000004 B: 00000041 SP: 00000FFF ldl FFFFFFFE
PC: 00000015 A: 00000004 B: 00000041 SP: 00000FFF brz 0000001E
PC: 00000016 A: 00000043 B: 00000004 SP: 00000FFF ldl FFFFFFFF
PC: 00000017 A: 0000000A B: 00000004 SP: 00000FFF ldnl 00000000
PC: 00000018 A: 00000042 B: 0000000A SP: 00000FFF ldl FFFFFFFD
PC: 00000019 A: 0000000F B: 0000000A SP: 00000FFF ldnl 00000000
PC: 0000001A A: FFFFFFFB B: 0000000A SP: 00000FFF sub
PC: 00000022 A: FFFFFFFB B: 0000000A SP: 00000FFF brlz 00000007
PC: 00000023 A: 00000043 B: FFFFFFFB SP: 00000FFF ldl FFFFFFFF
PC: 00000024 A: 0000000A B: FFFFFFFB SP: 00000FFF ldnl 00000000
PC: 00000025 A: FFFFFFFB B: FFFFFFFB SP: 00000FFF stl FFFFFFFC
PC: 00000026 A: 00000042 B: FFFFFFFB SP: 00000FFF ldl FFFFFFFD
PC: 00000027 A: 0000000F B: FFFFFFFB SP: 00000FFF ldnl 00000000
PC: 00000028 A: 00000043 B: 0000000F SP: 00000FFF ldl FFFFFFFF
PC: 00000029 A: 00000043 B: 0000000F SP: 00000FFF stnl 00000000
PC: 0000002A A: 0000000A B: 00000043 SP: 00000FFF ldl FFFFFFFC
PC: 0000002B A: 00000042 B: 0000000A SP: 00000FFF ldl FFFFFFFD
PC: 0000002C A: 00000042 B: 0000000A SP: 00000FFF stnl 00000000
PC: 0000002D A: 00000042 B: 00000042 SP: 00000FFF ldl FFFFFFFD
PC: 0000002E A: 00000043 B: 00000042 SP: 00000FFF adc 00000001
PC: 0000002F A: 00000042 B: 00000042 SP: 00000FFF stl FFFFFFFD
PC: 00000030 A: 00000004 B: 00000042 SP: 00000FFF ldl FFFFFFFE
PC: 00000031 A: 00000003 B: 00000042 SP: 00000FFF adc FFFFFFFF
PC: 00000032 A: 00000042 B: 00000042 SP: 00000FFF stl FFFFFFFE
PC: 00000013 A: 00000042 B: 00000042 SP: 00000FFF br FFFFFFE0
PC: 00000014 A: 00000003 B: 00000042 SP: 00000FFF ldl FFFFFFFE
PC: 00000015 A: 00000003 B: 00000042 SP: 00000FFF brz 0000001E
PC: 00000016 A: 00000043 B: 00000003 SP: 00000FFF ldl FFFFFFFF
PC: 00000017 A: 0000000F B: 00000003 SP: 00000FFF ldnl 00000000
PC: 00000018 A: 00000043 B: 0000000F SP: 00000FFF ldl FFFFFFFD
PC: 00000019 A: 0000000F B: 0000000F SP: 00000FFF ldnl 00000000
PC: 0000001A A: 00000000 B: 0000000F SP: 00000FFF sub
PC: 0000001B A: 00000000 B: 0000000F SP: 00000FFF brlz 00000007
PC: 0000001C A: 00000043 B: 00000000 SP: 00000FFF ldl FFFFFFFD
PC: 0000001D A: 00000044 B: 00000000 SP: 00000FFF adc 00000001
PC: 0000001E A: 00000000 B: 00000000 SP: 00000FFF stl FFFFFFFD
PC: 0000001F A: 00000003 B: 00000000 SP: 00000FFF ldl FFFFFFFE
PC: 00000020 A: 00000002 B: 00000000 SP: 00000FFF adc FFFFFFFF
PC: 00000021 A: 00000000 B: 00000000 SP: 00000FFF stl FFFFFFFE
PC: 00000013 A: 00000000 B: 00000000 SP: 00000FFF br FFFFFFF1
PC: 00000014 A: 00000002 B: 00000000 SP: 00000FFF ldl FFFFFFFE
PC: 00000015 A: 00000002 B: 00000000 SP: 00000FFF brz 0000001E
PC: 00000016 A: 00000043 B: 00000002 SP: 00000FFF ldl FFFFFFFF
PC: 00000017 A: 0000000F B: 00000002 SP: 00000FFF ldnl 00000000
PC: 00000018 A: 00000044 B: 0000000F SP: 00000FFF ldl FFFFFFFD
PC: 00000019 A: 00000008 B: 0000000F SP: 00000FFF ldnl 00000000
PC: 0000001A A: 00000007 B: 0000000F SP: 00000FFF sub
PC: 0000001B A: 00000007 B: 0000000F SP: 00000FFF brlz 00000007
PC: 0000001C A: 00000044 B: 00000007 SP: 00000FFF ldl FFFFFFFD
PC: 0000001D A: 00000045 B: 00000007 SP: 00000FFF adc 00000001
PC: 0000001E A: 00000007 B: 00000007 SP: 00000FFF stl FFFFFFFD
PC: 0000001F A: 00000002 B: 00000007 SP: 00000FFF ldl FFFFFFFE
PC: 00000020 A: 00000001 B: 00000007 SP: 00000FFF adc FFFFFFFF
PC: 00000021 A: 00000007 B: 00000007 SP: 00000FFF stl FFFFFFFE
PC: 00000013 A: 00000007 B: 00000007 SP: 00000FFF br FFFFFFF1
PC: 00000014 A: 00000001 B: 00000007 SP: 00000FFF ldl FFFFFFFE
PC: 00000015 A: 00000001 B: 00000007 SP: 00000FFF brz 0000001E
PC: 00000016 A: 00000043 B: 00000001 SP: 00000FFF ldl FFFFFFFF
PC: 00000017 A: 0000000F B: 00000001 SP: 00000FFF ldnl 00000000
PC: 00000018 A: 00000045 B: 0000000F SP: 00000FFF ldl FFFFFFFD
PC: 00000019 A: FFFFFFFD B: 0000000F SP: 00000FFF ldnl 00000000
PC: 0000001A A: 00000012 B: 0000000F SP: 00000FFF sub
PC: 0000001B A: 00000012 B: 0000000F SP: 00000FFF brlz 00000007
PC: 0000001C A: 00000045 B: 00000012 SP: 00000FFF ldl FFFFFFFD
PC: 0000001D A: 00000046 B: 00000012 SP: 00000FFF adc 00000001
PC: 0000001E A: 00000012 B: 00000012 SP: 00000FFF stl FFFFFFFD
PC: 0000001F A: 00000001 B: 00000012 SP: 00000FFF ldl FFFFFFFE
PC: 00000020 A: 00000000 B: 00000012 SP: 00000FFF adc FFFFFFFF
PC: 00000021 A: 00000012 B: 00000012 SP: 00000FFF stl FFFFFFFE
PC: 00000013 A: 00000012 B: 00000012 SP: 00000FFF br FFFFFFF1
PC: 00000014 A: 00000000 B: 00000012 SP: 00000FFF ldl FFFFFFFE
PC: 00000033 A: 00000000 B: 00000012 SP: 00000FFF brz 0000001E
PC: 00000034 A: 00000043 B: 00000000 SP: 00000FFF ldl FFFFFFFF
PC: 00000035 A: 00000044 B: 00000000 SP: 00000FFF adc 00000001
PC: 00000036 A: 00000000 B: 00000000 SP: 00000FFF stl FFFFFFFF
PC: 00000037 A: 00000004 B: 00000000 SP: 00000FFF ldl 00000000
PC: 00000038 A: 00000003 B: 00000000 SP: 00000FFF adc FFFFFFFF
PC: 00000039 A: 00000000 B: 00000000 SP: 00000FFF stl 00000000
PC: 0000000B A: 00000000 B: 00000000 SP: 00000FFF br FFFFFFD1
PC: 0000000C A: 00000003 B: 00000000 SP: 00000FFF ldl 00000000
PC: 0000000D A: 00000003 B: 00000000 SP: 00000FFF brz 0000002D
PC: 0000000E A: 0000003D B: 00000003 SP: 00000FFF ldc 0000003D
PC: 0000000F A: 00000003 B: 00000003 SP: 00000FFF stl FFFFFFFD
PC: 00000010 A: 0000003C B: 00000003 SP: 00000FFF ldc 0000003C
PC: 00000011 A: 0000000A B: 00000003 SP: 00000FFF ldnl 00000000
PC: 00000012 A: 00000009 B: 00000003 SP: 00000FFF adc FFFFFFFF
PC: 00000013 A: 00000003 B: 00000003 SP: 00000FFF stl FFFFFFFE
PC: 00000014 A: 00000009 B: 00000003 SP: 00000FFF ldl FFFFFFFE
PC: 00000015 A: 00000009 B: 00000003 SP: 00000FFF brz 0000001E
PC: 00000016 A: 00000044 B: 00000009 SP: 00000FFF ldl FFFFFFFF
PC: 00000017 A: 00000008 B: 00000009 SP: 00000FFF ldnl 00000000
PC: 00000018 A: 0000003D B: 00000008 SP: 00000FFF ldl FFFFFFFD
PC: 00000019 A: FFFFFFF1 B: 00000008 SP: 00000FFF ldnl 00000000
PC: 0000001A A: 00000017 B: 00000008 SP: 00000FFF sub
PC: 0000001B A: 00000017 B: 00000008 SP: 00000FFF brlz 00000007
PC: 0000001C A: 0000003D B: 00000017 SP: 00000FFF ldl FFFFFFFD
PC: 0000001D A: 0000003E B: 00000017 SP: 00000FFF adc 00000001
PC: 0000001E A: 00000017 B: 00000017 SP: 00000FFF stl FFFFFFFD
PC: 0000001F A: 00000009 B: 00000017 SP: 00000FFF ldl FFFFFFFE
PC: 00000020 A: 00000008 B: 00000017 SP: 00000FFF adc FFFFFFFF
PC: 00000021 A: 00000017 B: 00000017 SP: 00000FFF stl FFFFFFFE
PC: 00000013 A: 00000017 B: 00000017 SP: 00000FFF br FFFFFFF1
PC: 00000014 A: 00000008 B: 00000017 SP: 00000FFF ldl FFFFFFFE
PC: 00000015 A: 00000008 B: 00000017 SP: 00000FFF brz 0000001E
PC: 00000016 A: 00000044 B: 00000008 SP: 00000FFF ldl FFFFFFFF
PC: 00000017 A: 00000008 B: 00000008 SP: 00000FFF ldnl 00000000
PC: 00000018 A: 0000003E B: 00000008 SP: 00000FFF ldl FFFFFFFD
PC: 00000019 A: FFFFFFF6 B: 00000008 SP: 00000FFF ldnl 00000000
PC: 0000001A A: 00000012 B: 00000008 SP: 00000FFF sub
PC: 0000001B A: 00000012 B: 00000008 SP: 00000FFF brlz 00000007
PC: 0000001C A: 0000003E B: 00000012 SP: 00000FFF ldl FFFFFFFD
PC: 0000001D A: 0000003F B: 00000012 SP: 00000FFF adc 00000001
PC: 0000001E A: 00000012 B: 00000012 SP: 00000FFF stl FFFFFFFD
PC: 0000001F A: 00000008 B: 00000012 SP: 00000FFF ldl FFFFFFFE
PC: 00000020 A: 00000007 B: 00000012 SP: 00000FFF adc FFFFFFFF
PC: 00000021 A: 00000012 B: 00000012 SP: 00000FFF stl FFFFFFFE
PC: 00000013 A: 00000012 B: 00000012 SP: 00000FFF br FFFFFFF1
PC: 00000014 A: 00000007 B: 00000012 SP: 00000FFF ldl FFFFFFFE
PC: 00000015 A: 00000007 B: 00000012 SP: 00000FFF brz 0000001E
PC: 00000016 A: 00000044 B: 00000007 SP: 00000FFF ldl FFFFFFFF
PC: 00000017 A: 00000008 B: 00000007 SP: 00000FFF ldnl 00000000
PC: 00000018 A: 0000003F B: 00000008 SP: 00000FFF ldl FFFFFFFD
PC: 00000019 A: FFFFFFFB B: 00000008 SP: 00000FFF ldnl 00000000
PC: 0000001A A: 0000000D B: 00000008 SP: 00000FFF sub
PC: 0000001B A: 0000000D B: 00000008 SP: 00000FFF brlz 00000007
PC: 0000001C A: 0000003F B: 0000000D SP: 00000FFF ldl FFFFFFFD
PC: 0000001D A: 00000040 B: 0000000D SP: 00000FFF adc 00000001
PC: 0000001E A: 0000000D B: 0000000D SP: 00000FFF stl FFFFFFFD
PC: 0000001F A: 00000007 B: 0000000D SP: 00000FFF ldl FFFFFFFE
PC: 00000020 A: 00000006 B: 0000000D SP: 00000FFF adc FFFFFFFF
PC: 00000021 A: 0000000D B: 0000000D SP: 00000FFF stl FFFFFFFE
PC: 00000013 A: 0000000D B: 0000000D SP: 00000FFF br FFFFFFF1
PC: 00000014 A: 00000006 B: 0000000D SP: 00000FFF ldl FFFFFFFE
PC: 00000015 A: 00000006 B: 0000000D SP: 00000FFF brz 0000001E
PC: 00000016 A: 00000044 B: 00000006 SP: 00000FFF ldl FFFFFFFF
PC: 00000017 A: 00000008 B: 00000006 SP: 00000FFF ldnl 00000000
PC: 00000018 A: 00000040 B: 00000008 SP: 00000FFF ldl FFFFFFFD
PC: 00000019 A: 00000003 B: 00000008 SP: 00000FFF ldnl 00000000
PC: 0000001A A: 00000005 B: 00000008 SP: 00000FFF sub
PC: 0000001B A: 00000005 B: 00000008 SP: 00000FFF brlz 00000007
PC: 0000001C A: 00000040 B: 00000005 SP: 00000FFF ldl FFFFFFFD
PC: 0000001D A: 00000041 B: 00000005 SP: 00000FFF adc 00000001
PC: 0000001E A: 00000005 B: 00000005 SP: 00000FFF stl FFFFFFFD
PC: 0000001F A: 00000006 B: 00000005 SP: 00000FFF ldl FFFFFFFE
PC: 00000020 A: 00000005 B: 00000005 SP: 00000FFF adc FFFFFFFF
PC: 00000021 A: 00000005 B: 00000005 SP: 00000FFF stl FFFFFFFE
PC: 00000013 A: 00000005 B: 00000005 SP: 00000FFF br FFFFFFF1
PC: 00000014 A: 00000005 B: 00000005 SP: 00000FFF ldl FFFFFFFE
PC: 00000015 A: 00000005 B: 00000005 SP: 00000FFF brz 0000001E
PC: 00000016 A: 00000044 B: 00000005 SP: 00000FFF ldl FFFFFFFF
PC: 00000017 A: 00000008 B: 00000005 SP: 00000FFF ldnl 00000000
PC: 00000018 A: 00000041 B: 00000008 SP: 00000FFF ldl FFFFFFFD
PC: 00000019 A: 00000006 B: 00000008 SP: 00000FFF ldnl 00000000
PC: 0000001A A: 00000002 B: 00000008 SP: 00000FFF sub
PC: 0000001B A: 00000002 B: 00000008 SP: 00000FFF brlz 00000007
PC: 0000001C A: 00000041 B: 00000002 SP: 00000FFF ldl FFFFFFFD
PC: 0000001D A: 00000042 B: 00000002 SP: 00000FFF adc 00000001
PC: 0000001E A: 00000002 B: 00000002 SP: 00000FFF stl FFFFFFFD
PC: 0000001F A: 00000005 B: 00000002 SP: 00000FFF ldl FFFFFFFE
PC: 00000020 A: 00000004 B: 00000002 SP: 00000FFF adc FFFFFFFF
PC: 00000021 A: 00000002 B: 00000002 SP: 00000FFF stl FFFFFFFE
PC: 00000013 A: 00000002 B: 00000002 SP: 00000FFF br FFFFFFF1
PC: 00000014 A: 00000004 B: 00000002 SP: 00000FFF ldl FFFFFFFE
PC: 00000015 A: 00000004 B: 00000002 SP: 00000FFF brz 0000001E
PC: 00000016 A: 00000044 B: 00000004 SP: 00000FFF ldl FFFFFFFF
PC: 00000017 A: 00000008 B: 00000004 SP: 00000FFF ldnl 00000000
PC: 00000018 A: 00000042 B: 00000008 SP: 00000FFF ldl FFFFFFFD
PC: 00000019 A: 0000000A B: 00000008 SP: 00000FFF ldnl 00000000
PC: 0000001A A: FFFFFFFE B: 00000008 SP: 00000FFF sub
PC: 00000022 A: FFFFFFFE B: 00000008 SP: 00000FFF brlz 00000007
PC: 00000023 A: 00000044 B: FFFFFFFE SP: 00000FFF ldl FFFFFFFF
PC: 00000024 A: 00000008 B: FFFFFFFE SP: 00000FFF ldnl 00000000
PC: 00000025 A: FFFFFFFE B: FFFFFFFE SP: 00000FFF stl FFFFFFFC
PC: 00000026 A: 00000042 B: FFFFFFFE SP: 00000FFF ldl FFFFFFFD
PC: 00000027 A: 0000000A B: FFFFFFFE SP: 00000FFF ldnl 00000000
PC: 00000028 A: 00000044 B: 0000000A SP: 00000FFF ldl FFFFFFFF
PC: 00000029 A: 00000044 B: 0000000A SP: 00000FFF stnl 00000000
PC: 0000002A A: 00000008 B: 00000044 SP: 00000FFF ldl FFFFFFFC
PC: 0000002B A: 00000042 B: 00000008 SP: 00000FFF ldl FFFFFFFD
PC: 0000002C A: 00000042 B: 00000008 SP: 00000FFF stnl 00000000
PC: 0000002D A: 00000042 B: 00000042 SP: 00000FFF ldl FFFFFFFD
PC: 0000002E A: 00000043 B: 00000042 SP: 00000FFF adc 00000001
PC: 0000002F A: 00000042 B: 00000042 SP: 00000FFF stl FFFFFFFD
PC: 00000030 A: 00000004 B: 00000042 SP: 00000FFF ldl FFFFFFFE
PC: 00000031 A: 00000003 B: 00000042 SP: 00000FFF adc FFFFFFFF
PC: 00000032 A: 00000042 B: 00000042 SP: 00000FFF stl FFFFFFFE
PC: 00000013 A: 00000042 B: 00000042 SP: 00000FFF br FFFFFFE0
PC: 00000014 A: 00000003 B: 00000042 SP: 00000FFF ldl FFFFFFFE
PC: 00000015 A: 00000003 B: 00000042 SP: 00000FFF brz 0000001E
PC: 00000016 A: 00000044 B: 00000003 SP: 00000FFF ldl FFFFFFFF
PC: 00000017 A: 0000000A B: 00000003 SP: 00000FFF ldnl 00000000
PC: 00000018 A: 00000043 B: 0000000A SP: 00000FFF ldl FFFFFFFD
PC: 00000019 A: 0000000F B: 0000000A SP: 00000FFF ldnl 00000000
PC: 0000001A A: FFFFFFFB B: 0000000A SP: 00000FFF sub
PC: 00000022 A: FFFFFFFB B: 0000000A SP: 00000FFF brlz 00000007
PC: 00000023 A: 00000044 B: FFFFFFFB SP: 00000FFF ldl FFFFFFFF
PC: 00000024 A: 0000000A B: FFFFFFFB SP: 00000FFF ldnl 00000000
PC: 00000025 A: FFFFFFFB B: FFFFFFFB SP: 00000FFF stl FFFFFFFC
PC: 00000026 A: 00000043 B: FFFFFFFB SP: 00000FFF ldl FFFFFFFD
PC: 00000027 A: 0000000F B: FFFFFFFB SP: 00000FFF ldnl 00000000
PC: 00000028 A: 00000044 B: 0000000F SP: 00000FFF ldl FFFFFFFF
PC: 00000029 A: 00000044 B: 0000000F SP: 00000FFF stnl 00000000
PC: 0000002A A: 0000000A B: 00000044 SP: 00000FFF ldl FFFFFFFC
PC: 0000002B A: 00000043 B: 0000000A SP: 00000FFF ldl FFFFFFFD
PC: 0000002C A: 00000043 B: 0000000A SP: 00000FFF stnl 00000000
PC: 0000002D A: 00000043 B: 00000043 SP: 00000FFF ldl FFFFFFFD
PC: 0000002E A: 00000044 B: 00000043 SP: 00000FFF adc 00000001
PC: 0000002F A: 00000043 B: 00000043 SP: 00000FFF stl FFFFFFFD
PC: 00000030 A: 00000003 B: 00000043 SP: 00000FFF ldl FFFFFFFE
PC: 00000031 A: 00000002 B: 00000043 SP: 00000FFF adc FFFFFFFF
PC: 00000032 A: 00000043 B: 00000043 SP: 00000FFF stl FFFFFFFE
PC: 00000013 A: 00000043 B: 00000043 SP: 00000FFF br FFFFFFE0
PC: 00000014 A: 00000002 B: 00000043 SP: 00000FFF ldl FFFFFFFE
PC: 00000015 A: 00000002 B: 00000043 SP: 00000FFF brz 0000001E
PC: 00000016 A: 00000044 B: 00000002 SP: 00000FFF ldl FFFFFFFF
PC: 00000017 A: 0000000F B: 00000002 SP: 00000FFF ldnl 00000000
PC: 00000018 A: 00000044 B: 0000000F SP: 00000FFF ldl FFFFFFFD
PC: 00000019 A: 0000000F B: 0000000F SP: 00000FFF ldnl 00000000
PC: 0000001A A: 00000000 B: 0000000F SP: 00000FFF sub
PC: 0000001B A: 00000000 B: 0000000F SP: 00000FFF brlz 00000007
PC: 0000001C A: 00000044 B: 00000000 SP: 00000FFF ldl FFFFFFFD
PC: 0000001D A: 00000045 B: 00000000 SP: 00000FFF adc 00000001
PC: 0000001E A: 00000000 B: 00000000 SP: 00000FFF stl FFFFFFFD
PC: 0000001F A: 00000002 B: 00000000 SP: 00000FFF ldl FFFFFFFE
PC: 00000020 A: 00000001 B: 00000000 SP: 00000FFF adc FFFFFFFF
PC: 00000021 A: 00000000 B: 00000000 SP: 00000FFF stl FFFFFFFE
PC: 00000013 A: 00000000 B: 00000000 SP: 00000FFF br FFFFFFF1
PC: 00000014 A: 00000001 B: 00000000 SP: 00000FFF ldl FFFFFFFE
PC: 00000015 A: 00000001 B: 00000000 SP: 00000FFF brz 0000001E
PC: 00000016 A: 00000044 B: 00000001 SP: 00000FFF ldl FFFFFFFF
PC: 00000017 A: 0000000F B: 00000001 SP: 00000FFF ldnl 00000000
PC: 00000018 A: 00000045 B: 0000000F SP: 00000FFF ldl FFFFFFFD
PC: 00000019 A: FFFFFFFD B: 0000000F SP: 00000FFF ldnl 00000000
PC: 0000001A A: 00000012 B: 0000000F SP: 00000FFF sub
PC: 0000001B A: 00000012 B: 0000000F SP: 00000FFF brlz 00000007
PC: 0000001C A: 00000045 B: 00000012 SP: 00000FFF ldl FFFFFFFD
PC: 0000001D A: 00000046 B: 00000012 SP: 00000FFF adc 00000001
PC: 0000001E A: 00000012 B: 00000012 SP: 00000FFF stl FFFFFFFD
PC: 0000001F A: 00000001 B: 00000012 SP: 00000FFF ldl FFFFFFFE
PC: 00000020 A: 00000000 B: 00000012 SP: 00000FFF adc FFFFFFFF
PC: 00000021 A: 00000012 B: 00000012 SP: 00000FFF stl FFFFFFFE
PC: 00000013 A: 00000012 B: 00000012 SP: 00000FFF br FFFFFFF1
PC: 00000014 A: 00000000 B: 00000012 SP: 00000FFF ldl FFFFFFFE
PC: 00000033 A: 00000000 B: 00000012 SP: 00000FFF brz 0000001E
PC: 00000034 A: 00000044 B: 00000000 SP: 00000FFF ldl FFFFFFFF
PC: 00000035 A: 00000045 B: 00000000 SP: 00000FFF adc 00000001
PC: 00000036 A: 00000000 B: 00000000 SP: 00000FFF stl FFFFFFFF
PC: 00000037 A: 00000003 B: 00000000 SP: 00000FFF ldl 00000000
PC: 00000038 A: 00000002 B: 00000000 SP: 00000FFF adc FFFFFFFF
PC: 00000039 A: 00000000 B: 00000000 SP: 00000FFF stl 00000000
PC: 0000000B A: 00000000 B: 00000000 SP: 00000FFF br FFFFFFD1
PC: 0000000C A: 00000002 B: 00000000 SP: 00000FFF ldl 00000000
PC: 0000000D A: 00000002 B: 00000000 SP: 00000FFF brz 0000002D
PC: 0000000E A: 0000003D B: 00000002 SP: 00000FFF ldc 0000003D
PC: 0000000F A: 00000002 B: 00000002 SP: 00000FFF stl FFFFFFFD
PC: 00000010 A: 0000003C B: 00000002 SP: 00000FFF ldc 0000003C
PC: 00000011 A: 0000000A B: 00000002 SP: 00000FFF ldnl 00000000
PC: 00000012 A: 00000009 B: 00000002 SP: 00000FFF adc FFFFFFFF
PC: 00000013 A: 00000002 B: 00000002 SP: 00000FFF stl FFFFFFFE
PC: 00000014 A: 00000009 B: 00000002 SP: 00000FFF ldl FFFFFFFE
PC: 00000015 A: 00000009 B: 00000002 SP: 00000FFF brz 0000001E
PC: 00000016 A: 00000045 B: 00000009 SP: 00000FFF ldl FFFFFFFF
PC: 00000017 A: FFFFFFFD B: 00000009 SP: 00000FFF ldnl 00000000
PC: 00000018 A: 0000003D B: FFFFFFFD SP: 00000FFF ldl FFFFFFFD
PC: 00000019 A: FFFFFFF1 B: FFFFFFFD SP: 00000FFF ldnl 00000000
PC: 0000001A A: 0000000C B: FFFFFFFD SP: 00000FFF sub
PC: 0000001B A: 0000000C B: FFFFFFFD SP: 00000FFF brlz 00000007
PC: 0000001C A: 0000003D B: 0000000C SP: 00000FFF ldl FFFFFFFD
PC: 0000001D A: 0000003E B: 0000000C SP: 00000FFF adc 00000001
PC: 0000001E A: 0000000C B: 0000000C SP: 00000FFF stl FFFFFFFD
PC: 0000001F A: 00000009 B: 0000000C SP: 00000FFF ldl FFFFFFFE
PC: 00000020 A: 00000008 B: 0000000C SP: 00000FFF adc FFFFFFFF
PC: 00000021 A: 0000000C B: 0000000C SP: 00000FFF stl FFFFFFFE
PC: 00000013 A: 0000000C B: 0000000C SP: 00000FFF br FFFFFFF1
PC: 00000014 A: 00000008 B: 0000000C SP: 00000FFF ldl FFFFFFFE
PC: 00000015 A: 00000008 B: 0000000C SP: 00000FFF brz 0000001E
PC: 00000016 A: 00000045 B: 00000008 SP: 00000FFF ldl FFFFFFFF
PC: 00000017 A: FFFFFFFD B: 00000008 SP: 00000FFF ldnl 00000000
PC: 00000018 A: 0000003E B: FFFFFFFD SP: 00000FFF ldl FFFFFFFD
PC: 00000019 A: FFFFFFF6 B: FFFFFFFD SP: 00000FFF ldnl 00000000
PC: 0000001A A: 00000007 B: FFFFFFFD SP: 00000FFF sub
PC: 0000001B A: 00000007 B: FFFFFFFD SP: 00000FFF brlz 00000007
PC: 0000001C A: 0000003E B: 00000007 SP: 00000FFF ldl FFFFFFFD
PC: 0000001D A: 0000003F B: 00000007 SP: 00000FFF adc 00000001
PC: 0000001E A: 00000007 B: 00000007 SP: 00000FFF stl FFFFFFFD
PC: 0000001F A: 00000008 B: 00000007 SP: 00000FFF ldl FFFFFFFE
PC: 00000020 A: 00000007 B: 00000007 SP: 00000FFF adc FFFFFFFF
PC: 00000021 A: 00000007 B: 00000007 SP: 00000FFF stl FFFFFFFE
PC: 00000013 A: 00000007 B: 00000007 SP: 00000FFF br FFFFFFF1
PC: 00000014 A: 00000007 B: 00000007 SP: 00000FFF ldl FFFFFFFE
PC: 00000015 A: 00000007 B: 00000007 SP: 00000FFF brz 0000001E
PC: 00000016 A: 00000045 B: 00000007 SP: 00000FFF ldl FFFFFFFF
PC: 00000017 A: FFFFFFFD B: 00000007 SP: 00000FFF ldnl 00000000
PC: 00000018 A: 0000003F B: FFFFFFFD SP: 00000FFF ldl FFFFFFFD
PC: 00000019 A: FFFFFFFB B: FFFFFFFD SP: 00000FFF ldnl 00000000
PC: 0000001A A: 00000002 B: FFFFFFFD SP: 00000FFF sub
PC: 0000001B A: 00000002 B: FFFFFFFD SP: 00000FFF brlz 00000007
PC: 0000001C A: 0000003F B: 00000002 SP: 00000FFF ldl FFFFFFFD
PC: 0000001D A: 00000040 B: 00000002 SP: 00000FFF adc 00000001
PC: 0000001E A: 00000002 B: 00000002 SP: 00000FFF stl FFFFFFFD
PC: 0000001F A: 00000007 B: 00000002 SP: 00000FFF ldl FFFFFFFE
PC: 00000020 A: 00000006 B: 00000002 SP: 00000FFF adc FFFFFFFF
PC: 00000021 A: 00000002 B: 00000002 SP: 00000FFF stl FFFFFFFE
PC: 00000013 A: 00000002 B: 00000002 SP: 00000FFF br FFFFFFF1
PC: 00000014 A: 00000006 B: 00000002 SP: 00000FFF ldl FFFFFFFE
PC: 00000015 A: 00000006 B: 00000002 SP: 00000FFF brz 0000001E
PC: 00000016 A: 00000045 B: 00000006 SP: 00000FFF ldl FFFFFFFF
PC: 00000017 A: FFFFFFFD B: 00000006 SP: 00000FFF ldnl 00000000
PC: 00000018 A: 00000040 B: FFFFFFFD SP: 00000FFF ldl FFFFFFFD
PC: 00000019 A: 00000003 B: FFFFFFFD SP: 00000FFF ldnl 00000000
PC: 0000001A A: FFFFFFFA B: FFFFFFFD SP: 00000FFF sub
PC: 00000022 A: FFFFFFFA B: FFFFFFFD SP: 00000FFF brlz 00000007
PC: 00000023 A: 00000045 B: FFFFFFFA SP: 00000FFF ldl FFFFFFFF
PC: 00000024 A: FFFFFFFD B: FFFFFFFA SP: 00000FFF ldnl 00000000
PC: 00000025 A: FFFFFFFA B: FFFFFFFA SP: 00000FFF stl FFFFFFFC
PC: 00000026 A: 00000040 B: FFFFFFFA SP: 00000FFF ldl FFFFFFFD
PC: 00000027 A: 00000003 B: FFFFFFFA SP: 00000FFF ldnl 00000000
PC: 00000028 A: 00000045 B: 00000003 SP: 00000FFF ldl FFFFFFFF
PC: 00000029 A: 00000045 B: 00000003 SP: 00000FFF stnl 00000000
PC: 0000002A A: FFFFFFFD B: 00000045 SP: 00000FFF ldl FFFFFFFC
PC: 0000002B A: 00000040 B: FFFFFFFD SP: 00000FFF ldl FFFFFFFD
PC: 0000002C A: 00000040 B: FFFFFFFD SP: 00000FFF stnl 00000000
PC: 0000002D A: 00000040 B: 00000040 SP: 00000FFF ldl FFFFFFFD
PC: 0000002E A: 00000041 B: 00000040 SP: 00000FFF adc 00000001
PC: 0000002F A: 00000040 B: 00000040 SP: 00000FFF stl FFFFFFFD
PC: 00000030 A: 00000006 B: 00000040 SP: 00000FFF ldl FFFFFFFE
PC: 00000031 A: 00000005 B: 00000040 SP: 00000FFF adc FFFFFFFF
PC: 00000032 A: 00000040 B: 00000040 SP: 00000FFF stl FFFFFFFE
PC: 00000013 A: 00000040 B: 00000040 SP: 00000FFF br FFFFFFE0
PC: 00000014 A: 00000005 B: 00000040 SP: 00000FFF ldl FFFFFFFE
PC: 00000015 A: 00000005 B: 00000040 SP: 00000FFF brz 0000001E
PC: 00000016 A: 00000045 B: 00000005 SP: 00000FFF ldl FFFFFFFF
PC: 00000017 A: 00000003 B: 00000005 SP: 00000FFF ldnl 00000000
PC: 00000018 A: 00000041 B: 00000003 SP: 00000FFF ldl FFFFFFFD
PC: 00000019 A: 00000006 B: 00000003 SP: 00000FFF ldnl 00000000
PC: 0000001A A: FFFFFFFD B: 00000003 SP: 00000FFF sub
PC: 00000022 A: FFFFFFFD B: 00000003 SP: 00000FFF brlz 00000007
PC: 00000023 A: 00000045 B: FFFFFFFD SP: 00000FFF ldl FFFFFFFF
PC: 00000024 A: 00000003 B: FFFFFFFD SP: 00000FFF ldnl 00000000
PC: 00000025 A: FFFFFFFD B: FFFFFFFD SP: 00000FFF stl FFFFFFFC
PC: 00000026 A: 00000041 B: FFFFFFFD SP: 00000FFF ldl FFFFFFFD
PC: 00000027 A: 00000006 B: FFFFFFFD SP: 00000FFF ldnl 00000000
PC: 00000028 A: 00000045 B: 00000006 SP: 00000FFF ldl FFFFFFFF
PC: 00000029 A: 00000045 B: 00000006 SP: 00000FFF stnl 00000000
PC: 0000002A A: 00000003 B: 00000045 SP: 00000FFF ldl FFFFFFFC
PC: 0000002B A: 00000041 B: 00000003 SP: 00000FFF ldl FFFFFFFD
PC: 0000002C A: 00000041 B: 00000003 SP: 00000FFF stnl 00000000
PC: 0000002D A: 00000041 B: 00000041 SP: 00000FFF ldl FFFFFFFD
PC: 0000002E A: 00000042 B: 00000041 SP: 00000FFF adc 00000001
PC: 0000002F A: 00000041 B: 00000041 SP: 00000FFF stl FFFFFFFD
PC: 00000030 A: 00000005 B: 00000041 SP: 00000FFF ldl FFFFFFFE
PC: 00000031 A: 00000004 B: 00000041 SP: 00000FFF adc FFFFFFFF
PC: 00000032 A: 00000041 B: 00000041 SP: 00000FFF stl FFFFFFFE
PC: 00000013 A: 00000041 B: 00000041 SP: 00000FFF br FFFFFFE0
PC: 00000014 A: 00000004 B: 00000041 SP: 00000FFF ldl FFFFFFFE
PC: 00000015 A: 00000004 B: 00000041 SP: 00000FFF brz 0000001E
PC: 00000016 A: 00000045 B: 00000004 SP: 00000FFF ldl FFFFFFFF
PC: 00000017 A: 00000006 B: 00000004 SP: 00000FFF ldnl 00000000
PC: 00000018 A: 00000042 B: 00000006 SP: 00000FFF ldl FFFFFFFD
PC: 00000019 A: 00000008 B: 00000006 SP: 00000FFF ldnl 00000000
PC: 0000001A A: FFFFFFFE B: 00000006 SP: 00000FFF sub
PC: 00000022 A: FFFFFFFE B: 00000006 SP: 00000FFF brlz 00000007
PC: 00000023 A: 00000045 B: FFFFFFFE SP: 00000FFF ldl FFFFFFFF
PC: 00000024 A: 00000006 B: FFFFFFFE SP: 00000FFF ldnl 00000000
PC: 00000025 A: FFFFFFFE B: FFFFFFFE SP: 00000FFF stl FFFFFFFC
PC: 00000026 A: 00000042 B: FFFFFFFE SP: 00000FFF ldl FFFFFFFD
PC: 00000027 A: 00000008 B: FFFFFFFE SP: 00000FFF ldnl 00000000
PC: 00000028 A: 00000045 B: 00000008 SP: 00000FFF ldl FFFFFFFF
PC: 00000029 A: 00000045 B: 00000008 SP: 00000FFF stnl 00000000
PC: 0000002A A: 00000006 B: 00000045 SP: 00000FFF ldl FFFFFFFC
PC: 0000002B A: 00000042 B: 00000006 SP: 00000FFF ldl FFFFFFFD
PC: 0000002C A: 00000042 B: 00000006 SP: 00000FFF stnl 00000000
PC: 0000002D A: 00000042 B: 00000042 SP: 00000FFF ldl FFFFFFFD
PC: 0000002E A: 00000043 B: 00000042 SP: 00000FFF adc 00000001
PC: 0000002F A: 00000042 B: 00000042 SP: 00000FFF stl FFFFFFFD
PC: 00000030 A: 00000004 B: 00000042 SP: 00000FFF ldl FFFFFFFE
PC: 00000031 A: 00000003 B: 00000042 SP: 00000FFF adc FFFFFFFF
PC: 00000032 A: 00000042 B: 00000042 SP: 00000FFF stl FFFFFFFE
PC: 00000013 A: 00000042 B: 00000042 SP: 00000FFF br FFFFFFE0
PC: 00000014 A: 00000003 B: 00000042 SP: 00000FFF ldl FFFFFFFE
PC: 00000015 A: 00000003 B: 00000042 SP: 00000FFF brz 0000001E
PC: 00000016 A: 00000045 B: 00000003 SP: 00000FFF ldl FFFFFFFF
PC: 00000017 A: 00000008 B: 00000003 SP: 00000FFF ldnl 00000000
PC: 00000018 A: 00000043 B: 00000008 SP: 00000FFF ldl FFFFFFFD
PC: 00000019 A: 0000000A B: 00000008 SP: 00000FFF ldnl 00000000
PC: 0000001A A: FFFFFFFE B: 00000008 SP: 00000FFF sub
PC: 00000022 A: FFFFFFFE B: 00000008 SP: 00000FFF brlz 00000007
PC: 00000023 A: 00000045 B: FFFFFFFE SP: 00000FFF ldl FFFFFFFF
PC: 00000024 A: 00000008 B: FFFFFFFE SP: 00000FFF ldnl 00000000
PC: 00000025 A: FFFFFFFE B: FFFFFFFE SP: 00000FFF stl FFFFFFFC
PC: 00000026 A: 00000043 B: FFFFFFFE SP: 00000FFF ldl FFFFFFFD
PC: 00000027 A: 0000000A B: FFFFFFFE SP: 00000FFF ldnl 00000000
PC: 00000028 A: 00000045 B: 0000000A SP: 00000FFF ldl FFFFFFFF
PC: 00000029 A: 00000045 B: 0000000A SP: 00000FFF stnl 00000000
PC: 0000002A A: 00000008 B: 00000045 SP: 00000FFF ldl FFFFFFFC
PC: 0000002B A: 00000043 B: 00000008 SP: 00000FFF ldl FFFFFFFD
PC: 0000002C A: 00000043 B: 00000008 SP: 00000FFF stnl 00000000
PC: 0000002D A: 00000043 B: 00000043 SP: 00000FFF ldl FFFFFFFD
PC: 0000002E A: 00000044 B: 00000043 SP: 00000FFF adc 00000001
PC: 0000002F A: 00000043 B: 00000043 SP: 00000FFF stl FFFFFFFD
PC: 00000030 A: 00000003 B: 00000043 SP: 00000FFF ldl FFFFFFFE
PC: 00000031 A: 00000002 B: 00000043 SP: 00000FFF adc FFFFFFFF
PC: 00000032 A: 00000043 B: 00000043 SP: 00000FFF stl FFFFFFFE
PC: 00000013 A: 00000043 B: 00000043 SP: 00000FFF br FFFFFFE0
PC: 00000014 A: 00000002 B: 00000043 SP: 00000FFF ldl FFFFFFFE
PC: 00000015 A: 00000002 B: 00000043 SP: 00000FFF brz 0000001E
PC: 00000016 A: 00000045 B: 00000002 SP: 00000FFF ldl FFFFFFFF
PC: 00000017 A: 0000000A B: 00000002 SP: 00000FFF ldnl 00000000
PC: 00000018 A: 00000044 B: 0000000A SP: 00000FFF ldl FFFFFFFD
PC: 00000019 A: 0000000F B: 0000000A SP: 00000FFF ldnl 00000000
PC: 0000001A A: FFFFFFFB B: 0000000A SP: 00000FFF sub
PC: 00000022 A: FFFFFFFB B: 0000000A SP: 00000FFF brlz 00000007
PC: 00000023 A: 00000045 B: FFFFFFFB SP: 00000FFF ldl FFFFFFFF
PC: 00000024 A: 0000000A B: FFFFFFFB SP: 00000FFF ldnl 00000000
PC: 00000025 A: FFFFFFFB B: FFFFFFFB SP: 00000FFF stl FFFFFFFC
PC: 00000026 A: 00000044 B: FFFFFFFB SP: 00000FFF ldl FFFFFFFD
PC: 00000027 A: 0000000F B: FFFFFFFB SP: 00000FFF ldnl 00000000
PC: 00000028 A: 00000045 B: 0000000F SP: 00000FFF ldl FFFFFFFF
PC: 00000029 A: 00000045 B: 0000000F SP: 00000FFF stnl 00000000
PC: 0000002A A: 0000000A B: 00000045 SP: 00000FFF ldl FFFFFFFC
PC: 0000002B A: 00000044 B: 0000000A SP: 00000FFF ldl FFFFFFFD
PC: 0000002C A: 00000044 B: 0000000A SP: 00000FFF stnl 00000000
PC: 0000002D A: 00000044 B: 00000044 SP: 00000FFF ldl FFFFFFFD
PC: 0000002E A: 00000045 B: 00000044 SP: 00000FFF adc 00000001
PC: 0000002F A: 00000044 B: 00000044 SP: 00000FFF stl FFFFFFFD
PC: 00000030 A: 00000002 B: 00000044 SP: 00000FFF ldl FFFFFFFE
PC: 00000031 A: 00000001 B: 00000044 SP: 00000FFF adc FFFFFFFF
PC: 00000032 A: 00000044 B: 00000044 SP: 00000FFF stl FFFFFFFE
PC: 00000013 A: 00000044 B: 00000044 SP: 00000FFF br FFFFFFE0
PC: 00000014 A: 00000001 B: 00000044 SP: 00000FFF ldl FFFFFFFE
PC: 00000015 A: 00000001 B: 00000044 SP: 00000FFF brz 0000001E
PC: 00000016 A: 00000045 B: 00000001 SP: 00000FFF ldl FFFFFFFF
PC: 00000017 A: 0000000F B: 00000001 SP: 00000FFF ldnl 00000000
PC: 00000018 A: 00000045 B: 0000000F SP: 00000FFF ldl FFFFFFFD
PC: 00000019 A: 0000000F B: 0000000F SP: 00000FFF ldnl 00000000
PC: 0000001A A: 00000000 B: 0000000F SP: 00000FFF sub
PC: 0000001B A: 00000000 B: 0000000F SP: 00000FFF brlz 00000007
PC: 0000001C A: 00000045 B: 00000000 SP: 00000FFF ldl FFFFFFFD
PC: 0000001D A: 00000046 B: 00000000 SP: 00000FFF adc 00000001
PC: 0000001E A: 00000000 B: 00000000 SP: 00000FFF stl FFFFFFFD
PC: 0000001F A: 00000001 B: 00000000 SP: 00000FFF ldl FFFFFFFE
PC: 00000020 A: 00000000 B: 00000000 SP: 00000FFF adc FFFFFFFF
PC: 00000021 A: 00000000 B: 00000000 SP: 00000FFF stl FFFFFFFE
PC: 00000013 A: 00000000 B: 00000000 SP: 00000FFF br FFFFFFF1
PC: 00000014 A: 00000000 B: 00000000 SP: 00000FFF ldl FFFFFFFE
PC: 00000033 A: 00000000 B: 00000000 SP: 00000FFF brz 0000001E
PC: 00000034 A: 00000045 B: 00000000 SP: 00000FFF ldl FFFFFFFF
PC: 00000035 A: 00000046 B: 00000000 SP: 00000FFF adc 00000001
PC: 00000036 A: 00000000 B: 00000000 SP: 00000FFF stl FFFFFFFF
PC: 00000037 A: 00000002 B: 00000000 SP: 00000FFF ldl 00000000
PC: 00000038 A: 00000001 B: 00000000 SP: 00000FFF adc FFFFFFFF
PC: 00000039 A: 00000000 B: 00000000 SP: 00000FFF stl 00000000
PC: 0000000B A: 00000000 B: 00000000 SP: 00000FFF br FFFFFFD1
PC: 0000000C A: 00000001 B: 00000000 SP: 00000FFF ldl 00000000
PC: 0000000D A: 00000001 B: 00000000 SP: 00000FFF brz 0000002D
PC: 0000000E A: 0000003D B: 00000001 SP: 00000FFF ldc 0000003D
PC: 0000000F A: 00000001 B: 00000001 SP: 00000FFF stl FFFFFFFD
PC: 00000010 A: 0000003C B: 00000001 SP: 00000FFF ldc 0000003C
PC: 00000011 A: 0000000A B: 00000001 SP: 00000FFF ldnl 00000000
PC: 00000012 A: 00000009 B: 00000001 SP: 00000FFF adc FFFFFFFF
PC: 00000013 A: 00000001 B: 00000001 SP: 00000FFF stl FFFFFFFE
PC: 00000014 A: 00000009 B: 00000001 SP: 00000FFF ldl FFFFFFFE
PC: 00000015 A: 00000009 B: 00000001 SP: 00000FFF brz 0000001E
PC: 00000016 A: 00000046 B: 00000009 SP: 00000FFF ldl FFFFFFFF
PC: 00000017 A: 00000007 B: 00000009 SP: 00000FFF ldnl 00000000
PC: 00000018 A: 0000003D B: 00000007 SP: 00000FFF ldl FFFFFFFD
PC: 00000019 A: FFFFFFF1 B: 00000007 SP: 00000FFF ldnl 00000000
PC: 0000001A A: 00000016 B: 00000007 SP: 00000FFF sub
PC: 0000001B A: 00000016 B: 00000007 SP: 00000FFF brlz 00000007
PC: 0000001C A: 0000003D B: 00000016 SP: 00000FFF ldl FFFFFFFD
PC: 0000001D A: 0000003E B: 00000016 SP: 00000FFF adc 00000001
PC: 0000001E A: 00000016 B: 00000016 SP: 00000FFF stl FFFFFFFD
PC: 0000001F A: 00000009 B: 00000016 SP: 00000FFF ldl FFFFFFFE
PC: 00000020 A: 00000008 B: 00000016 SP: 00000FFF adc FFFFFFFF
PC: 00000021 A: 00000016 B: 00000016 SP: 00000FFF stl FFFFFFFE
PC: 00000013 A: 00000016 B: 00000016 SP: 00000FFF br FFFFFFF1
PC: 00000014 A: 00000008 B: 00000016 SP: 00000FFF ldl FFFFFFFE
PC: 00000015 A: 00000008 B: 00000016 SP: 00000FFF brz 0000001E
PC: 00000016 A: 00000046 B: 00000008 SP: 00000FFF ldl FFFFFFFF
PC: 00000017 A: 00000007 B: 00000008 SP: 00000FFF ldnl 00000000
PC: 00000018 A: 0000003E B: 00000007 SP: 00000FFF ldl FFFFFFFD
PC: 00000019 A: FFFFFFF6 B: 00000007 SP: 00000FFF ldnl 00000000
PC: 0000001A A: 00000011 B: 00000007 SP: 00000FFF sub
PC: 0000001B A: 00000011 B: 00000007 SP: 00000FFF brlz 00000007
PC: 0000001C A: 0000003E B: 00000011 SP: 00000FFF ldl FFFFFFFD
PC: 0000001D A: 0000003F B: 00000011 SP: 00000FFF adc 00000001
PC: 0000001E A: 00000011 B: 00000011 SP: 00000FFF stl FFFFFFFD
PC: 0000001F A: 00000008 B: 00000011 SP: 00000FFF ldl FFFFFFFE
PC: 00000020 A: 00000007 B: 00000011 SP: 00000FFF adc FFFFFFFF
PC: 00000021 A: 00000011 B: 00000011 SP: 00000FFF stl FFFFFFFE
PC: 00000013 A: 00000011 B: 00000011 SP: 00000FFF br FFFFFFF1
PC: 00000014 A: 00000007 B: 00000011 SP: 00000FFF ldl FFFFFFFE
PC: 00000015 A: 00000007 B: 00000011 SP: 00000FFF brz 0000001E
PC: 00000016 A: 00000046 B: 00000007 SP: 00000FFF ldl FFFFFFFF
PC: 00000017 A: 00000007 B: 00000007 SP: 00000FFF ldnl 00000000
PC: 00000018 A: 0000003F B: 00000007 SP: 00000FFF ldl FFFFFFFD
PC: 00000019 A: FFFFFFFB B: 00000007 SP: 00000FFF ldnl 00000000
PC: 0000001A A: 0000000C B: 00000007 SP: 00000FFF sub
PC: 0000001B A: 0000000C B: 00000007 SP: 00000FFF brlz 00000007
PC: 0000001C A: 0000003F B: 0000000C SP: 00000FFF ldl FFFFFFFD
PC: 0000001D A: 00000040 B: 0000000C SP: 00000FFF adc 00000001
PC: 0000001E A: 0000000C B: 0000000C SP: 00000FFF stl FFFFFFFD
PC: 0000001F A: 00000007 B: 0000000C SP: 00000FFF ldl FFFFFFFE
PC: 00000020 A: 00000006 B: 0000000C SP: 00000FFF adc FFFFFFFF
PC: 00000021 A: 0000000C B: 0000000C SP: 00000FFF stl FFFFFFFE
PC: 00000013 A: 0000000C B: 0000000C SP: 00000FFF br FFFFFFF1
PC: 00000014 A: 00000006 B: 0000000C SP: 00000FFF ldl FFFFFFFE
PC: 00000015 A: 00000006 B: 0000000C SP: 00000FFF brz 0000001E
PC: 00000016 A: 00000046 B: 00000006 SP: 00000FFF ldl FFFFFFFF
PC: 00000017 A: 00000007 B: 00000006 SP: 00000FFF ldnl 00000000
PC: 00000018 A: 00000040 B: 00000007 SP: 00000FFF ldl FFFFFFFD
PC: 00000019 A: FFFFFFFD B: 00000007 SP: 00000FFF ldnl 00000000
PC: 0000001A A: 0000000A B: 00000007 SP: 00000FFF sub
PC: 0000001B A: 0000000A B: 00000007 SP: 00000FFF brlz 00000007
PC: 0000001C A: 00000040 B: 0000000A SP: 00000FFF ldl FFFFFFFD
PC: 0000001D A: 00000041 B: 0000000A SP: 00000FFF adc 00000001
PC: 0000001E A: 0000000A B: 0000000A SP: 00000FFF stl FFFFFFFD
PC: 0000001F A: 00000006 B: 0000000A SP: 00000FFF ldl FFFFFFFE
PC: 00000020 A: 00000005 B: 0000000A SP: 00000FFF adc FFFFFFFF
PC: 00000021 A: 0000000A B: 0000000A SP: 00000FFF stl FFFFFFFE
PC: 00000013 A: 0000000A B: 0000000A SP: 00000FFF br FFFFFFF1
PC: 00000014 A: 00000005 B: 0000000A SP: 00000FFF ldl FFFFFFFE
PC: 00000015 A: 00000005 B: 0000000A SP: 00000FFF brz 0000001E
PC: 00000016 A: 00000046 B: 00000005 SP: 00000FFF ldl FFFFFFFF
PC: 00000017 A: 00000007 B: 00000005 SP: 00000FFF ldnl 00000000
PC: 00000018 A: 00000041 B: 00000007 SP: 00000FFF ldl FFFFFFFD
PC: 00000019 A: 00000003 B: 00000007 SP: 00000FFF ldnl 00000000
PC: 0000001A A: 00000004 B: 00000007 SP: 00000FFF sub
PC: 0000001B A: 00000004 B: 00000007 SP: 00000FFF brlz 00000007
PC: 0000001C A: 00000041 B: 00000004 SP: 00000FFF ldl FFFFFFFD
PC: 0000001D A: 00000042 B: 00000004 SP: 00000FFF adc 00000001
PC: 0000001E A: 00000004 B: 00000004 SP: 00000FFF stl FFFFFFFD
PC: 0000001F A: 00000005 B: 00000004 SP: 00000FFF ldl FFFFFFFE
PC: 00000020 A: 00000004 B: 00000004 SP: 00000FFF adc FFFFFFFF
PC: 00000021 A: 00000004 B: 00000004 SP: 00000FFF stl FFFFFFFE
PC: 00000013 A: 00000004 B: 00000004 SP: 00000FFF br FFFFFFF1
PC: 00000014 A: 00000004 B: 00000004 SP: 00000FFF ldl FFFFFFFE
PC: 00000015 A: 00000004 B: 00000004 SP: 00000FFF brz 0000001E
PC: 00000016 A: 00000046 B: 00000004 SP: 00000FFF ldl FFFFFFFF
PC: 00000017 A: 00000007 B: 00000004 SP: 00000FFF ldnl 00000000
PC: 00000018 A: 00000042 B: 00000007 SP: 00000FFF ldl FFFFFFFD
PC: 00000019 A: 00000006 B: 00000007 SP: 00000FFF ldnl 00000000
PC: 0000001A A: 00000001 B: 00000007 SP: 00000FFF sub
PC: 0000001B A: 00000001 B: 00000007 SP: 00000FFF brlz 00000007
PC: 0000001C A: 00000042 B: 00000001 SP: 00000FFF ldl FFFFFFFD
PC: 0000001D A: 00000043 B: 00000001 SP: 00000FFF adc 00000001
PC: 0000001E A: 00000001 B: 00000001 SP: 00000FFF stl FFFFFFFD
PC: 0000001F A: 00000004 B: 00000001 SP: 00000FFF ldl FFFFFFFE
PC: 00000020 A: 00000003 B: 00000001 SP: 00000FFF adc FFFFFFFF
PC: 00000021 A: 00000001 B: 00000001 SP: 00000FFF stl FFFFFFFE
PC: 00000013 A: 00000001 B: 00000001 SP: 00000FFF br FFFFFFF1
PC: 00000014 A: 00000003 B: 00000001 SP: 00000FFF ldl FFFFFFFE
PC: 00000015 A: 00000003 B: 00000001 SP: 00000FFF brz 0000001E
PC: 00000016 A: 00000046 B: 00000003 SP: 00000FFF ldl FFFFFFFF
PC: 00000017 A: 00000007 B: 00000003 SP: 00000FFF ldnl 00000000
PC: 00000018 A: 00000043 B: 00000007 SP: 00000FFF ldl FFFFFFFD
PC: 00000019 A: 00000008 B: 00000007 SP: 00000FFF ldnl 00000000
PC: 0000001A A: FFFFFFFF B: 00000007 SP: 00000FFF sub
PC: 00000022 A: FFFFFFFF B: 00000007 SP: 00000FFF brlz 00000007
PC: 00000023 A: 00000046 B: FFFFFFFF SP: 00000FFF ldl FFFFFFFF
PC: 00000024 A: 00000007 B: FFFFFFFF SP: 00000FFF ldnl 00000000
PC: 00000025 A: FFFFFFFF B: FFFFFFFF SP: 00000FFF stl FFFFFFFC
PC: 00000026 A: 00000043 B: FFFFFFFF SP: 00000FFF ldl FFFFFFFD
PC: 00000027 A: 00000008 B: FFFFFFFF SP: 00000FFF ldnl 00000000
PC: 00000028 A: 00000046 B: 00000008 SP: 00000FFF ldl FFFFFFFF
PC: 00000029 A: 00000046 B: 00000008 SP: 00000FFF stnl 00000000
PC: 0000002A A: 00000007 B: 00000046 SP: 00000FFF ldl FFFFFFFC
PC: 0000002B A: 00000043 B: 00000007 SP: 00000FFF ldl FFFFFFFD
PC: 0000002C A: 00000043 B: 00000007 SP: 00000FFF stnl 00000000
PC: 0000002D A: 00000043 B: 00000043 SP: 00000FFF ldl FFFFFFFD
PC: 0000002E A: 00000044 B: 00000043 SP: 00000FFF adc 00000001
PC: 0000002F A: 00000043 B: 00000043 SP: 00000FFF stl FFFFFFFD
PC: 00000030 A: 00000003 B: 00000043 SP: 00000FFF ldl FFFFFFFE
PC: 00000031 A: 00000002 B: 00000043 SP: 00000FFF adc FFFFFFFF
PC: 00000032 A: 00000043 B: 00000043 SP: 00000FFF stl FFFFFFFE
PC: 00000013 A: 00000043 B: 00000043 SP: 00000FFF br FFFFFFE0
PC: 00000014 A: 00000002 B: 00000043 SP: 00000FFF ldl FFFFFFFE
PC: 00000015 A: 00000002 B: 00000043 SP: 00000FFF brz 0000001E
PC: 00000016 A: 00000046 B: 00000002 SP: 00000FFF ldl FFFFFFFF
PC: 00000017 A: 00000008 B: 00000002 SP: 00000FFF ldnl 00000000
PC: 00000018 A: 00000044 B: 00000008 SP: 00000FFF ldl FFFFFFFD
PC: 00000019 A: 0000000A B: 00000008 SP: 00000FFF ldnl 00000000
PC: 0000001A A: FFFFFFFE B: 00000008 SP: 00000FFF sub
PC: 00000022 A: FFFFFFFE B: 00000008 SP: 00000FFF brlz 00000007
PC: 00000023 A: 00000046 B: FFFFFFFE SP: 00000FFF ldl FFFFFFFF
PC: 00000024 A: 00000008 B: FFFFFFFE SP: 00000FFF ldnl 00000000
PC: 00000025 A: FFFFFFFE B: FFFFFFFE SP: 00000FFF stl FFFFFFFC
PC: 00000026 A: 00000044 B: FFFFFFFE SP: 00000FFF ldl FFFFFFFD
PC: 00000027 A: 0000000A B: FFFFFFFE SP: 00000FFF ldnl 00000000
PC: 00000028 A: 00000046 B: 0000000A SP: 00000FFF ldl FFFFFFFF
PC: 00000029 A: 00000046 B: 0000000A SP: 00000FFF stnl 00000000
PC: 0000002A A: 00000008 B: 00000046 SP: 00000FFF ldl FFFFFFFC
PC: 0000002B A: 00000044 B: 00000008 SP: 00000FFF ldl FFFFFFFD
PC: 0000002C A: 00000044 B: 00000008 SP: 00000FFF stnl 00000000
PC: 0000002D A: 00000044 B: 00000044 SP: 00000FFF ldl FFFFFFFD
PC: 0000002E A: 00000045 B: 00000044 SP: 00000FFF adc 00000001
PC: 0000002F A: 00000044 B: 00000044 SP: 00000FFF stl FFFFFFFD
PC: 00000030 A: 00000002 B: 00000044 SP: 00000FFF ldl FFFFFFFE
PC: 00000031 A: 00000001 B: 00000044 SP: 00000FFF adc FFFFFFFF
PC: 00000032 A: 00000044 B: 00000044 SP: 00000FFF stl FFFFFFFE
PC: 00000013 A: 00000044 B: 00000044 SP: 00000FFF br FFFFFFE0
PC: 00000014 A: 00000001 B: 00000044 SP: 00000FFF ldl FFFFFFFE
PC: 00000015 A: 00000001 B: 00000044 SP: 00000FFF brz 0000001E
PC: 00000016 A: 00000046 B: 00000001 SP: 00000FFF ldl FFFFFFFF
PC: 00000017 A: 0000000A B: 00000001 SP: 00000FFF ldnl 00000000
PC: 00000018 A: 00000045 B: 0000000A SP: 00000FFF ldl FFFFFFFD
PC: 00000019 A: 0000000F B: 0000000A SP: 00000FFF ldnl 00000000
PC: 0000001A A: FFFFFFFB B: 0000000A SP: 00000FFF sub
PC: 00000022 A: FFFFFFFB B: 0000000A SP: 00000FFF brlz 00000007
PC: 00000023 A: 00000046 B: FFFFFFFB SP: 00000FFF ldl FFFFFFFF
PC: 00000024 A: 0000000A B: FFFFFFFB SP: 00000FFF ldnl 00000000
PC: 00000025 A: FFFFFFFB B: FFFFFFFB SP: 00000FFF stl FFFFFFFC
PC: 00000026 A: 00000045 B: FFFFFFFB SP: 00000FFF ldl FFFFFFFD
PC: 00000027 A: 0000000F B: FFFFFFFB SP: 00000FFF ldnl 00000000
PC: 00000028 A: 00000046 B: 0000000F SP: 00000FFF ldl FFFFFFFF
PC: 00000029 A: 00000046 B: 0000000F SP: 00000FFF stnl 00000000
PC: 0000002A A: 0000000A B: 00000046 SP: 00000FFF ldl FFFFFFFC
PC: 0000002B A: 00000045 B: 0000000A SP: 00000FFF ldl FFFFFFFD
PC: 0000002C A: 00000045 B: 0000000A SP: 00000FFF stnl 00000000
PC: 0000002D A: 00000045 B: 00000045 SP: 00000FFF ldl FFFFFFFD
PC: 0000002E A: 00000046 B: 00000045 SP: 00000FFF adc 00000001
PC: 0000002F A: 00000045 B: 00000045 SP: 00000FFF stl FFFFFFFD
PC: 00000030 A: 00000001 B: 00000045 SP: 00000FFF ldl FFFFFFFE
PC: 00000031 A: 00000000 B: 00000045 SP: 00000FFF adc FFFFFFFF
PC: 00000032 A: 00000045 B: 00000045 SP: 00000FFF stl FFFFFFFE
PC: 00000013 A: 00000045 B: 00000045 SP: 00000FFF br FFFFFFE0
PC: 00000014 A: 00000000 B: 00000045 SP: 00000FFF ldl FFFFFFFE
PC: 00000033 A: 00000000 B: 00000045 SP: 00000FFF brz 0000001E
PC: 00000034 A: 00000046 B: 00000000 SP: 00000FFF ldl FFFFFFFF
PC: 00000035 A: 00000047 B: 00000000 SP: 00000FFF adc 00000001
PC: 00000036 A: 00000000 B: 00000000 SP: 00000FFF stl FFFFFFFF
PC: 00000037 A: 00000001 B: 00000000 SP: 00000FFF ldl 00000000
PC: 00000038 A: 00000000 B: 00000000 SP: 00000FFF adc FFFFFFFF
PC: 00000039 A: 00000000 B: 00000000 SP: 00000FFF stl 00000000
PC: 0000000B A: 00000000 B: 00000000 SP: 00000FFF br FFFFFFD1
PC: 0000000C A: 00000000 B: 00000000 SP: 00000FFF ldl 00000000
PC: 0000003A A: 00000000 B: 00000000 SP: 00000FFF brz 0000002D
PC: 0000003B A: 00000000 B: 00000000 SP: 00001000 adj 00000001
PC: 0000003C A: 00000000 B: 00000000 SP: 00001000 HALT
